-- phpMyAdmin SQL Dump
-- version 4.0.10.18
-- https://www.phpmyadmin.net
--
-- ホスト: localhost:3306
-- 生成日時: 2017 年 3 月 17 日 07:34
-- サーバのバージョン: 10.0.27-MariaDB-cll-lve
-- PHP のバージョン: 5.6.30

SET SQL_MODE = "NO_AUTO_VALUE_ON_ZERO";
SET time_zone = "+00:00";


/*!40101 SET @OLD_CHARACTER_SET_CLIENT=@@CHARACTER_SET_CLIENT */;
/*!40101 SET @OLD_CHARACTER_SET_RESULTS=@@CHARACTER_SET_RESULTS */;
/*!40101 SET @OLD_COLLATION_CONNECTION=@@COLLATION_CONNECTION */;
/*!40101 SET NAMES utf8 */;

--
-- データベース: `twibbs`
--
USE `twibbs`;

--
-- テーブルのデータのダンプ `admin_user`
--

INSERT INTO `admin_user` (`admin_user_id`, `au_hide`, `au_summary`) VALUES(2, 0, '');
INSERT INTO `admin_user` (`admin_user_id`, `au_hide`, `au_summary`) VALUES(3, 0, '');
INSERT INTO `admin_user` (`admin_user_id`, `au_hide`, `au_summary`) VALUES(4, 0, '');
INSERT INTO `admin_user` (`admin_user_id`, `au_hide`, `au_summary`) VALUES(5, 0, '');
INSERT INTO `admin_user` (`admin_user_id`, `au_hide`, `au_summary`) VALUES(6, 0, '');
INSERT INTO `admin_user` (`admin_user_id`, `au_hide`, `au_summary`) VALUES(7, 0, '');
INSERT INTO `admin_user` (`admin_user_id`, `au_hide`, `au_summary`) VALUES(8, 0, '');
INSERT INTO `admin_user` (`admin_user_id`, `au_hide`, `au_summary`) VALUES(9, 0, '');

--
-- テーブルのデータのダンプ `category`
--

INSERT INTO `category` (`category_id`, `cat_word`, `cat_url_name`, `cat_parent`, `cat_sort`, `cat_description`, `cat_hide`, `cat_thread_count`, `cat_comment_count`, `cat_first_thread_id`, `cat_last_thread_id`) VALUES(1, '雑談', 'chat', 0, 1, '', 0, 8, 70, 1, 16);
INSERT INTO `category` (`category_id`, `cat_word`, `cat_url_name`, `cat_parent`, `cat_sort`, `cat_description`, `cat_hide`, `cat_thread_count`, `cat_comment_count`, `cat_first_thread_id`, `cat_last_thread_id`) VALUES(2, 'AA・顔文字', 'chat_aa', 1, 1, '', 0, 0, 0, NULL, NULL);
INSERT INTO `category` (`category_id`, `cat_word`, `cat_url_name`, `cat_parent`, `cat_sort`, `cat_description`, `cat_hide`, `cat_thread_count`, `cat_comment_count`, `cat_first_thread_id`, `cat_last_thread_id`) VALUES(3, '裏技', 'chat_trick', 1, 2, '', 0, 0, 0, NULL, NULL);
INSERT INTO `category` (`category_id`, `cat_word`, `cat_url_name`, `cat_parent`, `cat_sort`, `cat_description`, `cat_hide`, `cat_thread_count`, `cat_comment_count`, `cat_first_thread_id`, `cat_last_thread_id`) VALUES(4, '拾いもの', 'chat_pickup', 1, 3, '', 0, 2, 25, 7, 11);
INSERT INTO `category` (`category_id`, `cat_word`, `cat_url_name`, `cat_parent`, `cat_sort`, `cat_description`, `cat_hide`, `cat_thread_count`, `cat_comment_count`, `cat_first_thread_id`, `cat_last_thread_id`) VALUES(5, 'お絵かき', 'paint', 0, 2, '', 0, 0, 0, NULL, NULL);
INSERT INTO `category` (`category_id`, `cat_word`, `cat_url_name`, `cat_parent`, `cat_sort`, `cat_description`, `cat_hide`, `cat_thread_count`, `cat_comment_count`, `cat_first_thread_id`, `cat_last_thread_id`) VALUES(6, 'アニメキャラ', 'paint_achar', 5, 1, '', 0, 0, 0, NULL, NULL);
INSERT INTO `category` (`category_id`, `cat_word`, `cat_url_name`, `cat_parent`, `cat_sort`, `cat_description`, `cat_hide`, `cat_thread_count`, `cat_comment_count`, `cat_first_thread_id`, `cat_last_thread_id`) VALUES(7, 'ゲームキャラ', 'paint_gchar', 5, 2, '', 0, 0, 0, NULL, NULL);
INSERT INTO `category` (`category_id`, `cat_word`, `cat_url_name`, `cat_parent`, `cat_sort`, `cat_description`, `cat_hide`, `cat_thread_count`, `cat_comment_count`, `cat_first_thread_id`, `cat_last_thread_id`) VALUES(8, 'オリジナル', 'paint_original', 5, 3, '', 0, 0, 0, NULL, NULL);
INSERT INTO `category` (`category_id`, `cat_word`, `cat_url_name`, `cat_parent`, `cat_sort`, `cat_description`, `cat_hide`, `cat_thread_count`, `cat_comment_count`, `cat_first_thread_id`, `cat_last_thread_id`) VALUES(9, '偉人', 'paint_gman', 5, 4, '', 0, 0, 0, NULL, NULL);
INSERT INTO `category` (`category_id`, `cat_word`, `cat_url_name`, `cat_parent`, `cat_sort`, `cat_description`, `cat_hide`, `cat_thread_count`, `cat_comment_count`, `cat_first_thread_id`, `cat_last_thread_id`) VALUES(10, '自然・風景', 'paint_landscape', 5, 5, '', 0, 0, 0, NULL, NULL);
INSERT INTO `category` (`category_id`, `cat_word`, `cat_url_name`, `cat_parent`, `cat_sort`, `cat_description`, `cat_hide`, `cat_thread_count`, `cat_comment_count`, `cat_first_thread_id`, `cat_last_thread_id`) VALUES(11, '歌ってみた', 'sing', 0, 3, '', 0, 0, 0, NULL, NULL);
INSERT INTO `category` (`category_id`, `cat_word`, `cat_url_name`, `cat_parent`, `cat_sort`, `cat_description`, `cat_hide`, `cat_thread_count`, `cat_comment_count`, `cat_first_thread_id`, `cat_last_thread_id`) VALUES(12, 'アニソン', 'sing_asong', 11, 1, '', 0, 0, 0, NULL, NULL);
INSERT INTO `category` (`category_id`, `cat_word`, `cat_url_name`, `cat_parent`, `cat_sort`, `cat_description`, `cat_hide`, `cat_thread_count`, `cat_comment_count`, `cat_first_thread_id`, `cat_last_thread_id`) VALUES(13, 'ゲーソン', 'sing_gsong', 11, 2, '', 0, 0, 0, NULL, NULL);
INSERT INTO `category` (`category_id`, `cat_word`, `cat_url_name`, `cat_parent`, `cat_sort`, `cat_description`, `cat_hide`, `cat_thread_count`, `cat_comment_count`, `cat_first_thread_id`, `cat_last_thread_id`) VALUES(14, 'オリジナル', 'sing_original', 11, 3, '', 0, 0, 0, NULL, NULL);
INSERT INTO `category` (`category_id`, `cat_word`, `cat_url_name`, `cat_parent`, `cat_sort`, `cat_description`, `cat_hide`, `cat_thread_count`, `cat_comment_count`, `cat_first_thread_id`, `cat_last_thread_id`) VALUES(15, '二次創作', 'derived', 0, 4, '', 0, 0, 0, NULL, NULL);
INSERT INTO `category` (`category_id`, `cat_word`, `cat_url_name`, `cat_parent`, `cat_sort`, `cat_description`, `cat_hide`, `cat_thread_count`, `cat_comment_count`, `cat_first_thread_id`, `cat_last_thread_id`) VALUES(16, '同人ゲーム', 'derived_game', 15, 1, '', 0, 0, 0, NULL, NULL);
INSERT INTO `category` (`category_id`, `cat_word`, `cat_url_name`, `cat_parent`, `cat_sort`, `cat_description`, `cat_hide`, `cat_thread_count`, `cat_comment_count`, `cat_first_thread_id`, `cat_last_thread_id`) VALUES(17, '同人音楽', 'derived_music', 15, 2, '', 0, 0, 0, NULL, NULL);
INSERT INTO `category` (`category_id`, `cat_word`, `cat_url_name`, `cat_parent`, `cat_sort`, `cat_description`, `cat_hide`, `cat_thread_count`, `cat_comment_count`, `cat_first_thread_id`, `cat_last_thread_id`) VALUES(18, 'コスプレ', 'derived_cosplay', 15, 3, '', 0, 0, 0, NULL, NULL);
INSERT INTO `category` (`category_id`, `cat_word`, `cat_url_name`, `cat_parent`, `cat_sort`, `cat_description`, `cat_hide`, `cat_thread_count`, `cat_comment_count`, `cat_first_thread_id`, `cat_last_thread_id`) VALUES(19, 'アニメ', 'anime', 0, 5, '', 0, 2, 7, 4, 15);
INSERT INTO `category` (`category_id`, `cat_word`, `cat_url_name`, `cat_parent`, `cat_sort`, `cat_description`, `cat_hide`, `cat_thread_count`, `cat_comment_count`, `cat_first_thread_id`, `cat_last_thread_id`) VALUES(20, '新作', 'anime_new', 19, 1, '', 0, 0, 0, NULL, NULL);
INSERT INTO `category` (`category_id`, `cat_word`, `cat_url_name`, `cat_parent`, `cat_sort`, `cat_description`, `cat_hide`, `cat_thread_count`, `cat_comment_count`, `cat_first_thread_id`, `cat_last_thread_id`) VALUES(21, 'TV放送中', 'anime_onair', 19, 2, '', 0, 1, 0, 15, 15);
INSERT INTO `category` (`category_id`, `cat_word`, `cat_url_name`, `cat_parent`, `cat_sort`, `cat_description`, `cat_hide`, `cat_thread_count`, `cat_comment_count`, `cat_first_thread_id`, `cat_last_thread_id`) VALUES(22, 'OVA', 'anime_ova', 19, 3, '', 0, 0, 0, NULL, NULL);
INSERT INTO `category` (`category_id`, `cat_word`, `cat_url_name`, `cat_parent`, `cat_sort`, `cat_description`, `cat_hide`, `cat_thread_count`, `cat_comment_count`, `cat_first_thread_id`, `cat_last_thread_id`) VALUES(23, '劇場版', 'anime_movie', 19, 4, '', 0, 0, 0, NULL, NULL);
INSERT INTO `category` (`category_id`, `cat_word`, `cat_url_name`, `cat_parent`, `cat_sort`, `cat_description`, `cat_hide`, `cat_thread_count`, `cat_comment_count`, `cat_first_thread_id`, `cat_last_thread_id`) VALUES(24, '声優', 'anime_vactor', 19, 5, '', 0, 0, 0, NULL, NULL);
INSERT INTO `category` (`category_id`, `cat_word`, `cat_url_name`, `cat_parent`, `cat_sort`, `cat_description`, `cat_hide`, `cat_thread_count`, `cat_comment_count`, `cat_first_thread_id`, `cat_last_thread_id`) VALUES(25, '漫画', 'comic', 0, 6, '', 0, 0, 0, NULL, NULL);
INSERT INTO `category` (`category_id`, `cat_word`, `cat_url_name`, `cat_parent`, `cat_sort`, `cat_description`, `cat_hide`, `cat_thread_count`, `cat_comment_count`, `cat_first_thread_id`, `cat_last_thread_id`) VALUES(26, '週刊', 'comic_magw', 25, 1, '', 0, 0, 0, NULL, NULL);
INSERT INTO `category` (`category_id`, `cat_word`, `cat_url_name`, `cat_parent`, `cat_sort`, `cat_description`, `cat_hide`, `cat_thread_count`, `cat_comment_count`, `cat_first_thread_id`, `cat_last_thread_id`) VALUES(27, '月刊', 'comic_magm', 25, 2, '', 0, 0, 0, NULL, NULL);
INSERT INTO `category` (`category_id`, `cat_word`, `cat_url_name`, `cat_parent`, `cat_sort`, `cat_description`, `cat_hide`, `cat_thread_count`, `cat_comment_count`, `cat_first_thread_id`, `cat_last_thread_id`) VALUES(28, 'WEB漫画', 'comic_web', 25, 3, '', 0, 0, 0, NULL, NULL);
INSERT INTO `category` (`category_id`, `cat_word`, `cat_url_name`, `cat_parent`, `cat_sort`, `cat_description`, `cat_hide`, `cat_thread_count`, `cat_comment_count`, `cat_first_thread_id`, `cat_last_thread_id`) VALUES(29, '小説', 'novel', 0, 7, '', 0, 0, 0, NULL, NULL);
INSERT INTO `category` (`category_id`, `cat_word`, `cat_url_name`, `cat_parent`, `cat_sort`, `cat_description`, `cat_hide`, `cat_thread_count`, `cat_comment_count`, `cat_first_thread_id`, `cat_last_thread_id`) VALUES(30, '現代', 'novel_modern', 29, 1, '', 0, 0, 0, NULL, NULL);
INSERT INTO `category` (`category_id`, `cat_word`, `cat_url_name`, `cat_parent`, `cat_sort`, `cat_description`, `cat_hide`, `cat_thread_count`, `cat_comment_count`, `cat_first_thread_id`, `cat_last_thread_id`) VALUES(31, '推理', 'novel_mystery', 29, 2, '', 0, 0, 0, NULL, NULL);
INSERT INTO `category` (`category_id`, `cat_word`, `cat_url_name`, `cat_parent`, `cat_sort`, `cat_description`, `cat_hide`, `cat_thread_count`, `cat_comment_count`, `cat_first_thread_id`, `cat_last_thread_id`) VALUES(32, '歴史・時代', 'novel_history', 29, 3, '', 0, 0, 0, NULL, NULL);
INSERT INTO `category` (`category_id`, `cat_word`, `cat_url_name`, `cat_parent`, `cat_sort`, `cat_description`, `cat_hide`, `cat_thread_count`, `cat_comment_count`, `cat_first_thread_id`, `cat_last_thread_id`) VALUES(33, 'ライトノベル', 'novel_light', 29, 4, '', 0, 0, 0, NULL, NULL);
INSERT INTO `category` (`category_id`, `cat_word`, `cat_url_name`, `cat_parent`, `cat_sort`, `cat_description`, `cat_hide`, `cat_thread_count`, `cat_comment_count`, `cat_first_thread_id`, `cat_last_thread_id`) VALUES(34, 'SF', 'novel_sfiction', 29, 5, '', 0, 0, 0, NULL, NULL);
INSERT INTO `category` (`category_id`, `cat_word`, `cat_url_name`, `cat_parent`, `cat_sort`, `cat_description`, `cat_hide`, `cat_thread_count`, `cat_comment_count`, `cat_first_thread_id`, `cat_last_thread_id`) VALUES(35, 'ホラー', 'novel_horror', 29, 6, '', 0, 0, 0, NULL, NULL);
INSERT INTO `category` (`category_id`, `cat_word`, `cat_url_name`, `cat_parent`, `cat_sort`, `cat_description`, `cat_hide`, `cat_thread_count`, `cat_comment_count`, `cat_first_thread_id`, `cat_last_thread_id`) VALUES(36, 'ノンフィクション', 'novel_nonfiction', 29, 7, '', 0, 0, 0, NULL, NULL);
INSERT INTO `category` (`category_id`, `cat_word`, `cat_url_name`, `cat_parent`, `cat_sort`, `cat_description`, `cat_hide`, `cat_thread_count`, `cat_comment_count`, `cat_first_thread_id`, `cat_last_thread_id`) VALUES(37, '趣味', 'hobby', 0, 8, '', 0, 1, 1, 12, 12);
INSERT INTO `category` (`category_id`, `cat_word`, `cat_url_name`, `cat_parent`, `cat_sort`, `cat_description`, `cat_hide`, `cat_thread_count`, `cat_comment_count`, `cat_first_thread_id`, `cat_last_thread_id`) VALUES(38, '料理', 'hobby_cooking', 37, 1, '', 0, 0, 0, NULL, NULL);
INSERT INTO `category` (`category_id`, `cat_word`, `cat_url_name`, `cat_parent`, `cat_sort`, `cat_description`, `cat_hide`, `cat_thread_count`, `cat_comment_count`, `cat_first_thread_id`, `cat_last_thread_id`) VALUES(39, '旅行', 'hobby_travel', 37, 2, '', 0, 0, 0, NULL, NULL);
INSERT INTO `category` (`category_id`, `cat_word`, `cat_url_name`, `cat_parent`, `cat_sort`, `cat_description`, `cat_hide`, `cat_thread_count`, `cat_comment_count`, `cat_first_thread_id`, `cat_last_thread_id`) VALUES(40, 'スポーツ', 'hobby_sports', 37, 3, '', 0, 0, 0, NULL, NULL);
INSERT INTO `category` (`category_id`, `cat_word`, `cat_url_name`, `cat_parent`, `cat_sort`, `cat_description`, `cat_hide`, `cat_thread_count`, `cat_comment_count`, `cat_first_thread_id`, `cat_last_thread_id`) VALUES(41, '動物', 'hobby_animal', 37, 4, '', 0, 1, 1, 12, 12);
INSERT INTO `category` (`category_id`, `cat_word`, `cat_url_name`, `cat_parent`, `cat_sort`, `cat_description`, `cat_hide`, `cat_thread_count`, `cat_comment_count`, `cat_first_thread_id`, `cat_last_thread_id`) VALUES(42, '植物', 'hobby_plant', 37, 5, '', 0, 0, 0, NULL, NULL);
INSERT INTO `category` (`category_id`, `cat_word`, `cat_url_name`, `cat_parent`, `cat_sort`, `cat_description`, `cat_hide`, `cat_thread_count`, `cat_comment_count`, `cat_first_thread_id`, `cat_last_thread_id`) VALUES(43, 'ゲーム', 'game', 0, 9, '', 0, 1, 4, 10, 10);
INSERT INTO `category` (`category_id`, `cat_word`, `cat_url_name`, `cat_parent`, `cat_sort`, `cat_description`, `cat_hide`, `cat_thread_count`, `cat_comment_count`, `cat_first_thread_id`, `cat_last_thread_id`) VALUES(44, '新作', 'game_new', 43, 1, '', 0, 0, 0, NULL, NULL);
INSERT INTO `category` (`category_id`, `cat_word`, `cat_url_name`, `cat_parent`, `cat_sort`, `cat_description`, `cat_hide`, `cat_thread_count`, `cat_comment_count`, `cat_first_thread_id`, `cat_last_thread_id`) VALUES(45, 'コンシューマ', 'game_consumer', 43, 2, '', 0, 0, 0, NULL, NULL);
INSERT INTO `category` (`category_id`, `cat_word`, `cat_url_name`, `cat_parent`, `cat_sort`, `cat_description`, `cat_hide`, `cat_thread_count`, `cat_comment_count`, `cat_first_thread_id`, `cat_last_thread_id`) VALUES(46, 'ソーシャル', 'game_social', 43, 3, '', 0, 0, 0, NULL, NULL);
INSERT INTO `category` (`category_id`, `cat_word`, `cat_url_name`, `cat_parent`, `cat_sort`, `cat_description`, `cat_hide`, `cat_thread_count`, `cat_comment_count`, `cat_first_thread_id`, `cat_last_thread_id`) VALUES(47, 'オンライン', 'game_online', 43, 4, '', 0, 0, 0, NULL, NULL);
INSERT INTO `category` (`category_id`, `cat_word`, `cat_url_name`, `cat_parent`, `cat_sort`, `cat_description`, `cat_hide`, `cat_thread_count`, `cat_comment_count`, `cat_first_thread_id`, `cat_last_thread_id`) VALUES(48, 'ブラウザ・Flash', 'game_browser', 43, 5, '', 0, 0, 0, NULL, NULL);
INSERT INTO `category` (`category_id`, `cat_word`, `cat_url_name`, `cat_parent`, `cat_sort`, `cat_description`, `cat_hide`, `cat_thread_count`, `cat_comment_count`, `cat_first_thread_id`, `cat_last_thread_id`) VALUES(49, 'レトロ', 'game_retro', 43, 6, '', 0, 0, 0, NULL, NULL);
INSERT INTO `category` (`category_id`, `cat_word`, `cat_url_name`, `cat_parent`, `cat_sort`, `cat_description`, `cat_hide`, `cat_thread_count`, `cat_comment_count`, `cat_first_thread_id`, `cat_last_thread_id`) VALUES(50, '海外', 'game_foreign', 43, 7, '', 0, 0, 0, NULL, NULL);
INSERT INTO `category` (`category_id`, `cat_word`, `cat_url_name`, `cat_parent`, `cat_sort`, `cat_description`, `cat_hide`, `cat_thread_count`, `cat_comment_count`, `cat_first_thread_id`, `cat_last_thread_id`) VALUES(51, 'インターネット', 'net', 0, 10, '', 0, 2, 16, 8, 13);
INSERT INTO `category` (`category_id`, `cat_word`, `cat_url_name`, `cat_parent`, `cat_sort`, `cat_description`, `cat_hide`, `cat_thread_count`, `cat_comment_count`, `cat_first_thread_id`, `cat_last_thread_id`) VALUES(52, 'ブログ', 'net_blog', 51, 1, '', 0, 0, 0, NULL, NULL);
INSERT INTO `category` (`category_id`, `cat_word`, `cat_url_name`, `cat_parent`, `cat_sort`, `cat_description`, `cat_hide`, `cat_thread_count`, `cat_comment_count`, `cat_first_thread_id`, `cat_last_thread_id`) VALUES(53, 'SNS', 'net_sns', 51, 2, '', 0, 0, 0, NULL, NULL);
INSERT INTO `category` (`category_id`, `cat_word`, `cat_url_name`, `cat_parent`, `cat_sort`, `cat_description`, `cat_hide`, `cat_thread_count`, `cat_comment_count`, `cat_first_thread_id`, `cat_last_thread_id`) VALUES(54, '動画', 'net_movie', 51, 3, '', 0, 0, 0, NULL, NULL);
INSERT INTO `category` (`category_id`, `cat_word`, `cat_url_name`, `cat_parent`, `cat_sort`, `cat_description`, `cat_hide`, `cat_thread_count`, `cat_comment_count`, `cat_first_thread_id`, `cat_last_thread_id`) VALUES(55, '画像', 'net_picture', 51, 4, '', 0, 1, 0, 13, 13);
INSERT INTO `category` (`category_id`, `cat_word`, `cat_url_name`, `cat_parent`, `cat_sort`, `cat_description`, `cat_hide`, `cat_thread_count`, `cat_comment_count`, `cat_first_thread_id`, `cat_last_thread_id`) VALUES(56, '映像・音声', 'vtech', 0, 11, '', 0, 0, 0, NULL, NULL);
INSERT INTO `category` (`category_id`, `cat_word`, `cat_url_name`, `cat_parent`, `cat_sort`, `cat_description`, `cat_hide`, `cat_thread_count`, `cat_comment_count`, `cat_first_thread_id`, `cat_last_thread_id`) VALUES(57, '動画制作', 'vtech_pvideo', 56, 1, '', 0, 0, 0, NULL, NULL);
INSERT INTO `category` (`category_id`, `cat_word`, `cat_url_name`, `cat_parent`, `cat_sort`, `cat_description`, `cat_hide`, `cat_thread_count`, `cat_comment_count`, `cat_first_thread_id`, `cat_last_thread_id`) VALUES(58, 'DTM', 'vtech_dtm', 56, 2, '', 0, 0, 0, NULL, NULL);
INSERT INTO `category` (`category_id`, `cat_word`, `cat_url_name`, `cat_parent`, `cat_sort`, `cat_description`, `cat_hide`, `cat_thread_count`, `cat_comment_count`, `cat_first_thread_id`, `cat_last_thread_id`) VALUES(59, 'ゲーム制作', 'vtech_pgame', 56, 3, '', 0, 0, 0, NULL, NULL);
INSERT INTO `category` (`category_id`, `cat_word`, `cat_url_name`, `cat_parent`, `cat_sort`, `cat_description`, `cat_hide`, `cat_thread_count`, `cat_comment_count`, `cat_first_thread_id`, `cat_last_thread_id`) VALUES(60, 'モバイル', 'mobile', 0, 12, '', 0, 1, 4, 9, 9);
INSERT INTO `category` (`category_id`, `cat_word`, `cat_url_name`, `cat_parent`, `cat_sort`, `cat_description`, `cat_hide`, `cat_thread_count`, `cat_comment_count`, `cat_first_thread_id`, `cat_last_thread_id`) VALUES(61, 'スマホ', 'mobile_sphone', 60, 1, '', 0, 1, 4, 9, 9);
INSERT INTO `category` (`category_id`, `cat_word`, `cat_url_name`, `cat_parent`, `cat_sort`, `cat_description`, `cat_hide`, `cat_thread_count`, `cat_comment_count`, `cat_first_thread_id`, `cat_last_thread_id`) VALUES(62, 'タブレット', 'mobile_tablet', 60, 2, '', 0, 0, 0, NULL, NULL);
INSERT INTO `category` (`category_id`, `cat_word`, `cat_url_name`, `cat_parent`, `cat_sort`, `cat_description`, `cat_hide`, `cat_thread_count`, `cat_comment_count`, `cat_first_thread_id`, `cat_last_thread_id`) VALUES(63, 'ガラケー', 'mobile_fphone', 60, 3, '', 0, 0, 0, NULL, NULL);
INSERT INTO `category` (`category_id`, `cat_word`, `cat_url_name`, `cat_parent`, `cat_sort`, `cat_description`, `cat_hide`, `cat_thread_count`, `cat_comment_count`, `cat_first_thread_id`, `cat_last_thread_id`) VALUES(64, 'パソコン', 'pc', 0, 13, '', 0, 0, 0, NULL, NULL);
INSERT INTO `category` (`category_id`, `cat_word`, `cat_url_name`, `cat_parent`, `cat_sort`, `cat_description`, `cat_hide`, `cat_thread_count`, `cat_comment_count`, `cat_first_thread_id`, `cat_last_thread_id`) VALUES(65, 'ハードウェア', 'pc_hardware', 64, 1, '', 0, 0, 0, NULL, NULL);
INSERT INTO `category` (`category_id`, `cat_word`, `cat_url_name`, `cat_parent`, `cat_sort`, `cat_description`, `cat_hide`, `cat_thread_count`, `cat_comment_count`, `cat_first_thread_id`, `cat_last_thread_id`) VALUES(66, 'OS', 'pc_os', 64, 2, '', 0, 0, 0, NULL, NULL);
INSERT INTO `category` (`category_id`, `cat_word`, `cat_url_name`, `cat_parent`, `cat_sort`, `cat_description`, `cat_hide`, `cat_thread_count`, `cat_comment_count`, `cat_first_thread_id`, `cat_last_thread_id`) VALUES(67, 'アプリ', 'pc_app', 64, 3, '', 0, 0, 0, NULL, NULL);
INSERT INTO `category` (`category_id`, `cat_word`, `cat_url_name`, `cat_parent`, `cat_sort`, `cat_description`, `cat_hide`, `cat_thread_count`, `cat_comment_count`, `cat_first_thread_id`, `cat_last_thread_id`) VALUES(68, 'ブラウザ', 'pc_browser', 64, 4, '', 0, 0, 0, NULL, NULL);
INSERT INTO `category` (`category_id`, `cat_word`, `cat_url_name`, `cat_parent`, `cat_sort`, `cat_description`, `cat_hide`, `cat_thread_count`, `cat_comment_count`, `cat_first_thread_id`, `cat_last_thread_id`) VALUES(69, 'プログラミング', 'pc_programming', 64, 5, '', 0, 0, 0, NULL, NULL);

--
-- テーブルのデータのダンプ `comment`
--

INSERT INTO `comment` (`comment_id`, `c_user_id`, `c_thread_id`, `c_thread_user_id`, `c_main_category`, `c_sub_category`, `c_body`, `c_ip`, `c_privated`, `c_datetime`, `c_report_count`, `c_first_report_id`, `c_last_report_id`) VALUES(1, 4, 2, 2, 1, 0, 'せやな。', '126.7.186.13', 0, '2017-02-22 21:17:29', 0, NULL, NULL);
INSERT INTO `comment` (`comment_id`, `c_user_id`, `c_thread_id`, `c_thread_user_id`, `c_main_category`, `c_sub_category`, `c_body`, `c_ip`, `c_privated`, `c_datetime`, `c_report_count`, `c_first_report_id`, `c_last_report_id`) VALUES(2, 4, 2, 2, 1, 0, '寿司ネタの真実を知るとアホらしくなるで', '126.7.186.13', 0, '2017-02-22 21:20:26', 0, NULL, NULL);
INSERT INTO `comment` (`comment_id`, `c_user_id`, `c_thread_id`, `c_thread_user_id`, `c_main_category`, `c_sub_category`, `c_body`, `c_ip`, `c_privated`, `c_datetime`, `c_report_count`, `c_first_report_id`, `c_last_report_id`) VALUES(3, 5, 4, 5, 19, 0, 'やっと書き込めた。', '126.7.186.13', 0, '2017-02-22 22:42:44', 0, NULL, NULL);
INSERT INTO `comment` (`comment_id`, `c_user_id`, `c_thread_id`, `c_thread_user_id`, `c_main_category`, `c_sub_category`, `c_body`, `c_ip`, `c_privated`, `c_datetime`, `c_report_count`, `c_first_report_id`, `c_last_report_id`) VALUES(4, 5, 4, 5, 19, 0, 'ドラミ\nhttp://imgur.com/Tosce92', '126.7.186.13', 0, '2017-02-23 23:45:30', 0, NULL, NULL);
INSERT INTO `comment` (`comment_id`, `c_user_id`, `c_thread_id`, `c_thread_user_id`, `c_main_category`, `c_sub_category`, `c_body`, `c_ip`, `c_privated`, `c_datetime`, `c_report_count`, `c_first_report_id`, `c_last_report_id`) VALUES(5, 5, 4, 5, 19, 0, 'にゃんこでいず\nしー\nhttp://imgur.com/aCf7WnK', '126.7.186.13', 0, '2017-02-24 06:14:27', 0, NULL, NULL);
INSERT INTO `comment` (`comment_id`, `c_user_id`, `c_thread_id`, `c_thread_user_id`, `c_main_category`, `c_sub_category`, `c_body`, `c_ip`, `c_privated`, `c_datetime`, `c_report_count`, `c_first_report_id`, `c_last_report_id`) VALUES(6, 4, 5, 4, 1, 0, 'てすと。', '126.7.186.13', 0, '2017-02-25 16:54:28', 0, NULL, NULL);
INSERT INTO `comment` (`comment_id`, `c_user_id`, `c_thread_id`, `c_thread_user_id`, `c_main_category`, `c_sub_category`, `c_body`, `c_ip`, `c_privated`, `c_datetime`, `c_report_count`, `c_first_report_id`, `c_last_report_id`) VALUES(7, 4, 5, 4, 1, 0, 'http://www.huffingtonpost.jp/2016/12/10/premium-friday_n_13543934.html', '126.7.186.13', 0, '2017-02-25 16:57:14', 0, NULL, NULL);
INSERT INTO `comment` (`comment_id`, `c_user_id`, `c_thread_id`, `c_thread_user_id`, `c_main_category`, `c_sub_category`, `c_body`, `c_ip`, `c_privated`, `c_datetime`, `c_report_count`, `c_first_report_id`, `c_last_report_id`) VALUES(8, 4, 5, 4, 1, 0, 'プレミアムフライデーとは？ 月末金曜日は午後3時の退社を推進へ 「時給で働く人は...」様々な意見あがる', '126.7.186.13', 0, '2017-02-25 16:57:39', 0, NULL, NULL);
INSERT INTO `comment` (`comment_id`, `c_user_id`, `c_thread_id`, `c_thread_user_id`, `c_main_category`, `c_sub_category`, `c_body`, `c_ip`, `c_privated`, `c_datetime`, `c_report_count`, `c_first_report_id`, `c_last_report_id`) VALUES(9, 4, 5, 4, 1, 0, '消費の拡大と、働き方を改革する2つの狙いがある。', '126.7.186.13', 0, '2017-02-25 16:57:56', 0, NULL, NULL);
INSERT INTO `comment` (`comment_id`, `c_user_id`, `c_thread_id`, `c_thread_user_id`, `c_main_category`, `c_sub_category`, `c_body`, `c_ip`, `c_privated`, `c_datetime`, `c_report_count`, `c_first_report_id`, `c_last_report_id`) VALUES(10, 4, 5, 4, 1, 0, 'カネ持ってれば消費するんやろなぁ', '126.7.186.13', 0, '2017-02-25 16:58:52', 0, NULL, NULL);
INSERT INTO `comment` (`comment_id`, `c_user_id`, `c_thread_id`, `c_thread_user_id`, `c_main_category`, `c_sub_category`, `c_body`, `c_ip`, `c_privated`, `c_datetime`, `c_report_count`, `c_first_report_id`, `c_last_report_id`) VALUES(11, 4, 5, 4, 1, 0, 'なるほどなぁ\nhttps://twitter.com/miyamai_sanya/status/788667561671921665', '126.7.186.13', 0, '2017-02-25 17:00:10', 0, NULL, NULL);
INSERT INTO `comment` (`comment_id`, `c_user_id`, `c_thread_id`, `c_thread_user_id`, `c_main_category`, `c_sub_category`, `c_body`, `c_ip`, `c_privated`, `c_datetime`, `c_report_count`, `c_first_report_id`, `c_last_report_id`) VALUES(12, 4, 5, 4, 1, 0, 'なんやこのボタン。', '126.7.186.13', 0, '2017-02-25 17:00:23', 0, NULL, NULL);
INSERT INTO `comment` (`comment_id`, `c_user_id`, `c_thread_id`, `c_thread_user_id`, `c_main_category`, `c_sub_category`, `c_body`, `c_ip`, `c_privated`, `c_datetime`, `c_report_count`, `c_first_report_id`, `c_last_report_id`) VALUES(13, 4, 5, 4, 1, 0, 'RTすごいわー。\nhttps://twitter.com/AbeShinzo/status/835037199636652032', '126.7.186.13', 0, '2017-02-25 17:02:37', 0, NULL, NULL);
INSERT INTO `comment` (`comment_id`, `c_user_id`, `c_thread_id`, `c_thread_user_id`, `c_main_category`, `c_sub_category`, `c_body`, `c_ip`, `c_privated`, `c_datetime`, `c_report_count`, `c_first_report_id`, `c_last_report_id`) VALUES(14, 4, 5, 4, 1, 0, 'ビンボー人は座禅でも組めばいいのか。\nなるほどなぁ。', '126.7.186.13', 0, '2017-02-25 17:03:43', 0, NULL, NULL);
INSERT INTO `comment` (`comment_id`, `c_user_id`, `c_thread_id`, `c_thread_user_id`, `c_main_category`, `c_sub_category`, `c_body`, `c_ip`, `c_privated`, `c_datetime`, `c_report_count`, `c_first_report_id`, `c_last_report_id`) VALUES(15, 4, 5, 4, 1, 0, 'https://twitter.com/fuwafuwa_Fuaru/status/835396891848253440\nhttps://twitter.com/psalm0909/status/835394868054675456\nhttps://twitter.com/takapon_jp/status/835393097601183745\nhttps://twitter.com/zZXynBUeURlqXJB/status/835392532724899840\nhttps://twitter.com/nico_nico_info/status/834958720463339520\nhttps://twitter.com/yuuuuuuuuhi3/status/835297344438480897', '126.7.186.13', 0, '2017-02-25 17:07:14', 0, NULL, NULL);
INSERT INTO `comment` (`comment_id`, `c_user_id`, `c_thread_id`, `c_thread_user_id`, `c_main_category`, `c_sub_category`, `c_body`, `c_ip`, `c_privated`, `c_datetime`, `c_report_count`, `c_first_report_id`, `c_last_report_id`) VALUES(16, 4, 5, 4, 1, 0, 'ボタンたくさん出てるやん！', '126.7.186.13', 0, '2017-02-25 17:07:45', 0, NULL, NULL);
INSERT INTO `comment` (`comment_id`, `c_user_id`, `c_thread_id`, `c_thread_user_id`, `c_main_category`, `c_sub_category`, `c_body`, `c_ip`, `c_privated`, `c_datetime`, `c_report_count`, `c_first_report_id`, `c_last_report_id`) VALUES(17, 6, 6, 6, 1, 0, '漆黒\nhttp://imgur.com/ulXTbtE', '126.7.186.13', 0, '2017-02-25 18:29:00', 0, NULL, NULL);
INSERT INTO `comment` (`comment_id`, `c_user_id`, `c_thread_id`, `c_thread_user_id`, `c_main_category`, `c_sub_category`, `c_body`, `c_ip`, `c_privated`, `c_datetime`, `c_report_count`, `c_first_report_id`, `c_last_report_id`) VALUES(18, 6, 6, 6, 1, 0, '紅色\nhttp://imgur.com/F6Yu5qw', '126.7.186.13', 0, '2017-02-25 18:29:30', 0, NULL, NULL);
INSERT INTO `comment` (`comment_id`, `c_user_id`, `c_thread_id`, `c_thread_user_id`, `c_main_category`, `c_sub_category`, `c_body`, `c_ip`, `c_privated`, `c_datetime`, `c_report_count`, `c_first_report_id`, `c_last_report_id`) VALUES(19, 6, 6, 6, 1, 0, 'カラフル\nhttp://imgur.com/McMAPAx', '126.7.186.13', 0, '2017-02-25 18:29:56', 0, NULL, NULL);
INSERT INTO `comment` (`comment_id`, `c_user_id`, `c_thread_id`, `c_thread_user_id`, `c_main_category`, `c_sub_category`, `c_body`, `c_ip`, `c_privated`, `c_datetime`, `c_report_count`, `c_first_report_id`, `c_last_report_id`) VALUES(20, 6, 6, 6, 1, 0, 'ゴロゴンボール\nhttp://imgur.com/5TWaeru', '126.7.186.13', 0, '2017-02-25 18:30:42', 0, NULL, NULL);
INSERT INTO `comment` (`comment_id`, `c_user_id`, `c_thread_id`, `c_thread_user_id`, `c_main_category`, `c_sub_category`, `c_body`, `c_ip`, `c_privated`, `c_datetime`, `c_report_count`, `c_first_report_id`, `c_last_report_id`) VALUES(21, 6, 6, 6, 1, 0, '白緑\nhttp://imgur.com/a4oRVHG', '126.7.186.13', 0, '2017-02-25 18:31:39', 0, NULL, NULL);
INSERT INTO `comment` (`comment_id`, `c_user_id`, `c_thread_id`, `c_thread_user_id`, `c_main_category`, `c_sub_category`, `c_body`, `c_ip`, `c_privated`, `c_datetime`, `c_report_count`, `c_first_report_id`, `c_last_report_id`) VALUES(22, 6, 6, 6, 1, 0, '赤と紫\nhttp://imgur.com/dtTAO5q', '126.7.186.13', 0, '2017-02-25 18:32:10', 0, NULL, NULL);
INSERT INTO `comment` (`comment_id`, `c_user_id`, `c_thread_id`, `c_thread_user_id`, `c_main_category`, `c_sub_category`, `c_body`, `c_ip`, `c_privated`, `c_datetime`, `c_report_count`, `c_first_report_id`, `c_last_report_id`) VALUES(23, 6, 6, 6, 1, 0, 'もはや鏡\nhttp://imgur.com/VDP5VFX', '126.7.186.13', 0, '2017-02-25 18:32:44', 0, NULL, NULL);
INSERT INTO `comment` (`comment_id`, `c_user_id`, `c_thread_id`, `c_thread_user_id`, `c_main_category`, `c_sub_category`, `c_body`, `c_ip`, `c_privated`, `c_datetime`, `c_report_count`, `c_first_report_id`, `c_last_report_id`) VALUES(24, 6, 6, 6, 1, 0, 'カラフル その２\nhttp://imgur.com/6fQPTwh', '126.7.186.13', 0, '2017-02-25 18:33:12', 0, NULL, NULL);
INSERT INTO `comment` (`comment_id`, `c_user_id`, `c_thread_id`, `c_thread_user_id`, `c_main_category`, `c_sub_category`, `c_body`, `c_ip`, `c_privated`, `c_datetime`, `c_report_count`, `c_first_report_id`, `c_last_report_id`) VALUES(25, 6, 6, 6, 1, 0, '青\nhttp://imgur.com/VHeA6qs', '126.7.186.13', 0, '2017-02-25 18:33:37', 0, NULL, NULL);
INSERT INTO `comment` (`comment_id`, `c_user_id`, `c_thread_id`, `c_thread_user_id`, `c_main_category`, `c_sub_category`, `c_body`, `c_ip`, `c_privated`, `c_datetime`, `c_report_count`, `c_first_report_id`, `c_last_report_id`) VALUES(26, 6, 6, 6, 1, 0, 'しまうま\nhttp://imgur.com/aTOIhEp', '126.7.186.13', 0, '2017-02-25 18:34:02', 0, NULL, NULL);
INSERT INTO `comment` (`comment_id`, `c_user_id`, `c_thread_id`, `c_thread_user_id`, `c_main_category`, `c_sub_category`, `c_body`, `c_ip`, `c_privated`, `c_datetime`, `c_report_count`, `c_first_report_id`, `c_last_report_id`) VALUES(27, 6, 6, 6, 1, 0, '花紺青\nhttp://imgur.com/9nKR5JT', '126.7.186.13', 0, '2017-02-25 18:35:07', 0, NULL, NULL);
INSERT INTO `comment` (`comment_id`, `c_user_id`, `c_thread_id`, `c_thread_user_id`, `c_main_category`, `c_sub_category`, `c_body`, `c_ip`, `c_privated`, `c_datetime`, `c_report_count`, `c_first_report_id`, `c_last_report_id`) VALUES(28, 6, 6, 6, 1, 0, '亜麻色', '126.7.186.13', 0, '2017-02-25 18:35:57', 0, NULL, NULL);
INSERT INTO `comment` (`comment_id`, `c_user_id`, `c_thread_id`, `c_thread_user_id`, `c_main_category`, `c_sub_category`, `c_body`, `c_ip`, `c_privated`, `c_datetime`, `c_report_count`, `c_first_report_id`, `c_last_report_id`) VALUES(29, 6, 6, 6, 1, 0, '亜麻色\nhttp://imgur.com/O2gMRJj', '126.7.186.13', 0, '2017-02-25 18:36:09', 0, NULL, NULL);
INSERT INTO `comment` (`comment_id`, `c_user_id`, `c_thread_id`, `c_thread_user_id`, `c_main_category`, `c_sub_category`, `c_body`, `c_ip`, `c_privated`, `c_datetime`, `c_report_count`, `c_first_report_id`, `c_last_report_id`) VALUES(30, 6, 6, 6, 1, 0, 'おされ\nhttp://imgur.com/G2cEiE7', '126.7.186.13', 0, '2017-02-25 18:37:04', 0, NULL, NULL);
INSERT INTO `comment` (`comment_id`, `c_user_id`, `c_thread_id`, `c_thread_user_id`, `c_main_category`, `c_sub_category`, `c_body`, `c_ip`, `c_privated`, `c_datetime`, `c_report_count`, `c_first_report_id`, `c_last_report_id`) VALUES(31, 6, 6, 6, 1, 0, 'おしゃれ その２\nhttp://imgur.com/UQDnr0l', '126.7.186.13', 0, '2017-02-25 18:38:09', 0, NULL, NULL);
INSERT INTO `comment` (`comment_id`, `c_user_id`, `c_thread_id`, `c_thread_user_id`, `c_main_category`, `c_sub_category`, `c_body`, `c_ip`, `c_privated`, `c_datetime`, `c_report_count`, `c_first_report_id`, `c_last_report_id`) VALUES(32, 3, 7, 3, 1, 4, 'けものフレンズロゴジェネレーター\n\nhttps://aratama.github.io/kemonogen/\n\nhttps://twitter.com/BpVbMN3nZOUuApw/status/834453241299472385\nhttps://twitter.com/nonsuke_Ns/status/834489350381395968\nhttps://twitter.com/cubbit2/status/834593369569439744\nhttps://twitter.com/Kurisu_sg/status/834781760034525185\nhttps://twitter.com/animetobacco/status/834761416561156098\nhttps://twitter.com/UNOYO/status/834600948727050240\nhttps://twitter.com/mituterian/status/834535806878441472\nhttps://twitter.com/AAAMENNN/status/834451409118453761\nhttps://twitter.com/ZEESE_DAYS/status/834406677860413440\nhttps://twitter.com/AlBiNoCoRvUs/status/834403515594264578\nhttps://twitter.com/gainersanga/status/834387058294599681\nhttps://twitter.com/yu_no17/status/835430389241925632', '60.71.190.132', 0, '2017-02-25 19:06:26', 0, NULL, NULL);
INSERT INTO `comment` (`comment_id`, `c_user_id`, `c_thread_id`, `c_thread_user_id`, `c_main_category`, `c_sub_category`, `c_body`, `c_ip`, `c_privated`, `c_datetime`, `c_report_count`, `c_first_report_id`, `c_last_report_id`) VALUES(33, 3, 7, 3, 1, 4, 'おもしろーい！', '60.71.190.132', 0, '2017-02-25 19:08:02', 0, NULL, NULL);
INSERT INTO `comment` (`comment_id`, `c_user_id`, `c_thread_id`, `c_thread_user_id`, `c_main_category`, `c_sub_category`, `c_body`, `c_ip`, `c_privated`, `c_datetime`, `c_report_count`, `c_first_report_id`, `c_last_report_id`) VALUES(34, 3, 7, 3, 1, 4, 'タイトルがおかしいことに気づいた。\nTwitterのロゴジェネレーターじゃない。', '60.71.190.132', 0, '2017-02-25 19:10:59', 0, NULL, NULL);
INSERT INTO `comment` (`comment_id`, `c_user_id`, `c_thread_id`, `c_thread_user_id`, `c_main_category`, `c_sub_category`, `c_body`, `c_ip`, `c_privated`, `c_datetime`, `c_report_count`, `c_first_report_id`, `c_last_report_id`) VALUES(35, 3, 7, 3, 1, 4, 'まあいいや(〃&#039;∇&#039;〃)ゝ', '60.71.190.132', 0, '2017-02-25 19:11:30', 0, NULL, NULL);
INSERT INTO `comment` (`comment_id`, `c_user_id`, `c_thread_id`, `c_thread_user_id`, `c_main_category`, `c_sub_category`, `c_body`, `c_ip`, `c_privated`, `c_datetime`, `c_report_count`, `c_first_report_id`, `c_last_report_id`) VALUES(36, 3, 7, 3, 1, 4, 'ラブライブ！風ロゴジェネレーター\n\nhttp://animelogo.com/lovelive/\n\nhttps://twitter.com/milk_chinotea/status/741941573563211778\nhttps://twitter.com/a_pon884/status/626984674301095936\nhttps://twitter.com/fujihayabusa/status/612105463161712640\nhttps://twitter.com/milk_chinotea/status/741941573563211778', '60.71.190.132', 0, '2017-02-25 19:16:21', 0, NULL, NULL);
INSERT INTO `comment` (`comment_id`, `c_user_id`, `c_thread_id`, `c_thread_user_id`, `c_main_category`, `c_sub_category`, `c_body`, `c_ip`, `c_privated`, `c_datetime`, `c_report_count`, `c_first_report_id`, `c_last_report_id`) VALUES(37, 3, 7, 3, 1, 4, 'ごちうさロゴジェネレーター\n\nhttp://goti.club/\n\nhttps://twitter.com/butterfly_2432/status/654688529356746753\nhttps://twitter.com/chi726e/status/717216307767349248\nhttps://twitter.com/gda_subarulove/status/674169796619984896\nhttps://twitter.com/NakaB_2tc/status/662994536486957057', '60.71.190.132', 0, '2017-02-25 19:21:43', 0, NULL, NULL);
INSERT INTO `comment` (`comment_id`, `c_user_id`, `c_thread_id`, `c_thread_user_id`, `c_main_category`, `c_sub_category`, `c_body`, `c_ip`, `c_privated`, `c_datetime`, `c_report_count`, `c_first_report_id`, `c_last_report_id`) VALUES(38, 3, 7, 3, 1, 4, '途中でおもしろいのみつけた。\nhttps://twitter.com/tsumugu1515/status/768122533837021184', '60.71.190.132', 0, '2017-02-25 19:22:10', 0, NULL, NULL);
INSERT INTO `comment` (`comment_id`, `c_user_id`, `c_thread_id`, `c_thread_user_id`, `c_main_category`, `c_sub_category`, `c_body`, `c_ip`, `c_privated`, `c_datetime`, `c_report_count`, `c_first_report_id`, `c_last_report_id`) VALUES(39, 3, 7, 3, 1, 4, 'あの日見た花の名前を僕達はまだ知らない。 ロゴジェネレーター\n\nhttp://oimo-tools.com/anohana/\n\nhttps://twitter.com/hibari536/status/735121150263463937\nhttps://twitter.com/cabady_hyottoko/status/746178865123340288\nhttps://twitter.com/amanatsu0312/status/694080036836503552', '60.71.190.132', 0, '2017-02-25 19:26:52', 0, NULL, NULL);
INSERT INTO `comment` (`comment_id`, `c_user_id`, `c_thread_id`, `c_thread_user_id`, `c_main_category`, `c_sub_category`, `c_body`, `c_ip`, `c_privated`, `c_datetime`, `c_report_count`, `c_first_report_id`, `c_last_report_id`) VALUES(40, 3, 7, 3, 1, 4, 'だんまちロゴジェネレーター\n\nhttp://aniani.me/danmachi/\n\nhttps://twitter.com/mananeko8828/status/834725257424416769\nhttps://twitter.com/Taitan_anime/status/828943361830629377\nhttps://twitter.com/trollaig/status/819861393205641217\nhttps://twitter.com/NyandarsY/status/812319397410783232', '60.71.190.132', 0, '2017-02-25 20:04:57', 0, NULL, NULL);
INSERT INTO `comment` (`comment_id`, `c_user_id`, `c_thread_id`, `c_thread_user_id`, `c_main_category`, `c_sub_category`, `c_body`, `c_ip`, `c_privated`, `c_datetime`, `c_report_count`, `c_first_report_id`, `c_last_report_id`) VALUES(41, 3, 7, 3, 1, 4, 'ひぐらしロゴジェネレーター\n\nhttp://blog.mogmet.com/logo-generator-like-higurashi-no-nakukoroni/\n\nhttps://twitter.com/Very_mentsuyu/status/554137700601565185', '60.71.190.132', 0, '2017-02-25 20:08:13', 0, NULL, NULL);
INSERT INTO `comment` (`comment_id`, `c_user_id`, `c_thread_id`, `c_thread_user_id`, `c_main_category`, `c_sub_category`, `c_body`, `c_ip`, `c_privated`, `c_datetime`, `c_report_count`, `c_first_report_id`, `c_last_report_id`) VALUES(42, 3, 7, 3, 1, 4, 'はがないジェネレーター\n\nhttp://hgn.ai/\n\nhttps://twitter.com/nyaIIm/status/333958021556355073\nhttps://twitter.com/rosecolour_app/status/697048845042102272\nhttps://twitter.com/kepton_e/status/834428398826983424\nhttps://twitter.com/x17ex/status/520950184675512321\nhttps://twitter.com/sabanokandume16/status/349509185890832384\nhttps://twitter.com/m_wanda/status/327297362924011521', '60.71.190.132', 0, '2017-02-25 20:17:00', 0, NULL, NULL);
INSERT INTO `comment` (`comment_id`, `c_user_id`, `c_thread_id`, `c_thread_user_id`, `c_main_category`, `c_sub_category`, `c_body`, `c_ip`, `c_privated`, `c_datetime`, `c_report_count`, `c_first_report_id`, `c_last_report_id`) VALUES(43, 3, 7, 3, 1, 4, '力尽きそう。', '60.71.190.132', 0, '2017-02-25 20:22:28', 0, NULL, NULL);
INSERT INTO `comment` (`comment_id`, `c_user_id`, `c_thread_id`, `c_thread_user_id`, `c_main_category`, `c_sub_category`, `c_body`, `c_ip`, `c_privated`, `c_datetime`, `c_report_count`, `c_first_report_id`, `c_last_report_id`) VALUES(44, 7, 1, 1, 1, 0, 'この掲示板て何なんですか？', '60.71.190.132', 0, '2017-02-26 02:58:52', 0, NULL, NULL);
INSERT INTO `comment` (`comment_id`, `c_user_id`, `c_thread_id`, `c_thread_user_id`, `c_main_category`, `c_sub_category`, `c_body`, `c_ip`, `c_privated`, `c_datetime`, `c_report_count`, `c_first_report_id`, `c_last_report_id`) VALUES(45, 7, 8, 7, 51, 0, 'ゲームでも雑談とか交えてやる放送ならいいかな。', '60.71.190.132', 0, '2017-02-26 03:00:15', 0, NULL, NULL);
INSERT INTO `comment` (`comment_id`, `c_user_id`, `c_thread_id`, `c_thread_user_id`, `c_main_category`, `c_sub_category`, `c_body`, `c_ip`, `c_privated`, `c_datetime`, `c_report_count`, `c_first_report_id`, `c_last_report_id`) VALUES(46, 7, 8, 7, 51, 0, 'ブクマってなんだこれ。', '60.71.190.132', 0, '2017-02-26 03:00:45', 0, NULL, NULL);
INSERT INTO `comment` (`comment_id`, `c_user_id`, `c_thread_id`, `c_thread_user_id`, `c_main_category`, `c_sub_category`, `c_body`, `c_ip`, `c_privated`, `c_datetime`, `c_report_count`, `c_first_report_id`, `c_last_report_id`) VALUES(47, 6, 8, 7, 51, 0, 'ニコ生はうんこちゃんとか？\nFC2は永井先生とか？\nふわっちはわからんね。', '60.71.190.132', 0, '2017-02-26 03:07:23', 0, NULL, NULL);
INSERT INTO `comment` (`comment_id`, `c_user_id`, `c_thread_id`, `c_thread_user_id`, `c_main_category`, `c_sub_category`, `c_body`, `c_ip`, `c_privated`, `c_datetime`, `c_report_count`, `c_first_report_id`, `c_last_report_id`) VALUES(48, 6, 8, 7, 51, 0, 'ゲームだったらニコニコじゃ幕末志士とか。', '60.71.190.132', 0, '2017-02-26 03:09:02', 0, NULL, NULL);
INSERT INTO `comment` (`comment_id`, `c_user_id`, `c_thread_id`, `c_thread_user_id`, `c_main_category`, `c_sub_category`, `c_body`, `c_ip`, `c_privated`, `c_datetime`, `c_report_count`, `c_first_report_id`, `c_last_report_id`) VALUES(49, 6, 8, 7, 51, 0, 'でも幕末志士って確か有料会員制だったか。', '60.71.190.132', 0, '2017-02-26 03:09:29', 0, NULL, NULL);
INSERT INTO `comment` (`comment_id`, `c_user_id`, `c_thread_id`, `c_thread_user_id`, `c_main_category`, `c_sub_category`, `c_body`, `c_ip`, `c_privated`, `c_datetime`, `c_report_count`, `c_first_report_id`, `c_last_report_id`) VALUES(50, 7, 8, 7, 51, 0, 'その辺は放送覗いたことある。\nわりと新参でおもしろい放送とかないのかね。', '60.71.190.132', 0, '2017-02-26 03:11:31', 0, NULL, NULL);
INSERT INTO `comment` (`comment_id`, `c_user_id`, `c_thread_id`, `c_thread_user_id`, `c_main_category`, `c_sub_category`, `c_body`, `c_ip`, `c_privated`, `c_datetime`, `c_report_count`, `c_first_report_id`, `c_last_report_id`) VALUES(51, 6, 8, 7, 51, 0, '人気の配信者って基本的に配信サイトから優遇されるし\n新参て表に出にくくなってるとは思う。', '60.71.190.132', 0, '2017-02-26 03:14:58', 0, NULL, NULL);
INSERT INTO `comment` (`comment_id`, `c_user_id`, `c_thread_id`, `c_thread_user_id`, `c_main_category`, `c_sub_category`, `c_body`, `c_ip`, `c_privated`, `c_datetime`, `c_report_count`, `c_first_report_id`, `c_last_report_id`) VALUES(52, 7, 8, 7, 51, 0, '大手配信でまともな放送してるのって誰かおる？', '60.71.190.132', 0, '2017-02-26 03:22:43', 0, NULL, NULL);
INSERT INTO `comment` (`comment_id`, `c_user_id`, `c_thread_id`, `c_thread_user_id`, `c_main_category`, `c_sub_category`, `c_body`, `c_ip`, `c_privated`, `c_datetime`, `c_report_count`, `c_first_report_id`, `c_last_report_id`) VALUES(53, 6, 8, 7, 51, 0, 'まともな人じゃ人は集められないんじゃね？\n生放送の放送主とリスナーの関係って\n動物園の檻の中の動物とそれを眺める客でよく例えられるじゃん。', '60.71.190.132', 0, '2017-02-26 03:25:51', 0, NULL, NULL);
INSERT INTO `comment` (`comment_id`, `c_user_id`, `c_thread_id`, `c_thread_user_id`, `c_main_category`, `c_sub_category`, `c_body`, `c_ip`, `c_privated`, `c_datetime`, `c_report_count`, `c_first_report_id`, `c_last_report_id`) VALUES(54, 6, 8, 7, 51, 0, '狂気の沙汰じゃないと人こないでしょ。', '60.71.190.132', 0, '2017-02-26 03:26:26', 0, NULL, NULL);
INSERT INTO `comment` (`comment_id`, `c_user_id`, `c_thread_id`, `c_thread_user_id`, `c_main_category`, `c_sub_category`, `c_body`, `c_ip`, `c_privated`, `c_datetime`, `c_report_count`, `c_first_report_id`, `c_last_report_id`) VALUES(55, 6, 8, 7, 51, 0, '地味におもしろい放送なら探せばいくらでもあるんじゃない？', '60.71.190.132', 0, '2017-02-26 03:27:35', 0, NULL, NULL);
INSERT INTO `comment` (`comment_id`, `c_user_id`, `c_thread_id`, `c_thread_user_id`, `c_main_category`, `c_sub_category`, `c_body`, `c_ip`, `c_privated`, `c_datetime`, `c_report_count`, `c_first_report_id`, `c_last_report_id`) VALUES(56, 4, 8, 7, 51, 0, '声マネ放送おもしろいゾ', '60.71.190.132', 0, '2017-02-26 03:39:47', 0, NULL, NULL);
INSERT INTO `comment` (`comment_id`, `c_user_id`, `c_thread_id`, `c_thread_user_id`, `c_main_category`, `c_sub_category`, `c_body`, `c_ip`, `c_privated`, `c_datetime`, `c_report_count`, `c_first_report_id`, `c_last_report_id`) VALUES(57, 4, 8, 7, 51, 0, 'ワンパターンなのは長居できんけどな。', '60.71.190.132', 0, '2017-02-26 03:40:19', 0, NULL, NULL);
INSERT INTO `comment` (`comment_id`, `c_user_id`, `c_thread_id`, `c_thread_user_id`, `c_main_category`, `c_sub_category`, `c_body`, `c_ip`, `c_privated`, `c_datetime`, `c_report_count`, `c_first_report_id`, `c_last_report_id`) VALUES(58, 4, 8, 7, 51, 0, '雑談系は衰退しました。', '60.71.164.83', 0, '2017-03-06 04:00:58', 0, NULL, NULL);
INSERT INTO `comment` (`comment_id`, `c_user_id`, `c_thread_id`, `c_thread_user_id`, `c_main_category`, `c_sub_category`, `c_body`, `c_ip`, `c_privated`, `c_datetime`, `c_report_count`, `c_first_report_id`, `c_last_report_id`) VALUES(59, 4, 8, 7, 51, 0, 'と思っている。', '60.71.164.83', 0, '2017-03-06 04:01:47', 0, NULL, NULL);
INSERT INTO `comment` (`comment_id`, `c_user_id`, `c_thread_id`, `c_thread_user_id`, `c_main_category`, `c_sub_category`, `c_body`, `c_ip`, `c_privated`, `c_datetime`, `c_report_count`, `c_first_report_id`, `c_last_report_id`) VALUES(60, 4, 8, 7, 51, 0, 'ツイートされてて草\nあぶないあぶない', '60.71.164.83', 0, '2017-03-06 04:05:54', 0, NULL, NULL);
INSERT INTO `comment` (`comment_id`, `c_user_id`, `c_thread_id`, `c_thread_user_id`, `c_main_category`, `c_sub_category`, `c_body`, `c_ip`, `c_privated`, `c_datetime`, `c_report_count`, `c_first_report_id`, `c_last_report_id`) VALUES(61, 7, 9, 6, 60, 61, 'ズボンのポケットに入れたら壊れるんだよなぁ・・・。', '60.71.166.189', 0, '2017-03-08 04:22:02', 0, NULL, NULL);
INSERT INTO `comment` (`comment_id`, `c_user_id`, `c_thread_id`, `c_thread_user_id`, `c_main_category`, `c_sub_category`, `c_body`, `c_ip`, `c_privated`, `c_datetime`, `c_report_count`, `c_first_report_id`, `c_last_report_id`) VALUES(62, 6, 9, 6, 60, 61, 'ケツに入れたら壊れるけど前なら大丈夫やろ。', '60.71.166.189', 0, '2017-03-08 04:24:15', 0, NULL, NULL);
INSERT INTO `comment` (`comment_id`, `c_user_id`, `c_thread_id`, `c_thread_user_id`, `c_main_category`, `c_sub_category`, `c_body`, `c_ip`, `c_privated`, `c_datetime`, `c_report_count`, `c_first_report_id`, `c_last_report_id`) VALUES(63, 7, 9, 6, 60, 61, '大は小を兼ねる', '60.71.166.189', 0, '2017-03-08 04:26:40', 0, NULL, NULL);
INSERT INTO `comment` (`comment_id`, `c_user_id`, `c_thread_id`, `c_thread_user_id`, `c_main_category`, `c_sub_category`, `c_body`, `c_ip`, `c_privated`, `c_datetime`, `c_report_count`, `c_first_report_id`, `c_last_report_id`) VALUES(64, 6, 9, 6, 60, 61, '持ち運びが不便なものをスマートフォンといえるのか。', '60.71.166.189', 0, '2017-03-08 04:40:35', 0, NULL, NULL);
INSERT INTO `comment` (`comment_id`, `c_user_id`, `c_thread_id`, `c_thread_user_id`, `c_main_category`, `c_sub_category`, `c_body`, `c_ip`, `c_privated`, `c_datetime`, `c_report_count`, `c_first_report_id`, `c_last_report_id`) VALUES(65, 8, 4, 5, 19, 0, 'ペロッ\nこれは長靴！\nhttp://imgur.com/eOVBosO', '60.71.166.189', 0, '2017-03-08 04:54:07', 0, NULL, NULL);
INSERT INTO `comment` (`comment_id`, `c_user_id`, `c_thread_id`, `c_thread_user_id`, `c_main_category`, `c_sub_category`, `c_body`, `c_ip`, `c_privated`, `c_datetime`, `c_report_count`, `c_first_report_id`, `c_last_report_id`) VALUES(66, 8, 6, 6, 1, 0, 'どろだんごって一時期流行ったような気がするけどまだやってたんだ。', '60.71.166.189', 0, '2017-03-08 05:01:03', 0, NULL, NULL);
INSERT INTO `comment` (`comment_id`, `c_user_id`, `c_thread_id`, `c_thread_user_id`, `c_main_category`, `c_sub_category`, `c_body`, `c_ip`, `c_privated`, `c_datetime`, `c_report_count`, `c_first_report_id`, `c_last_report_id`) VALUES(67, 5, 10, 8, 43, 0, 'これはドット絵なのだろうか？', '60.71.166.189', 0, '2017-03-08 05:33:44', 0, NULL, NULL);
INSERT INTO `comment` (`comment_id`, `c_user_id`, `c_thread_id`, `c_thread_user_id`, `c_main_category`, `c_sub_category`, `c_body`, `c_ip`, `c_privated`, `c_datetime`, `c_report_count`, `c_first_report_id`, `c_last_report_id`) VALUES(68, 5, 10, 8, 43, 0, '本家のグラよりファンが描いた絵を眺めるのが好きかな。', '60.71.166.189', 0, '2017-03-08 05:39:54', 0, NULL, NULL);
INSERT INTO `comment` (`comment_id`, `c_user_id`, `c_thread_id`, `c_thread_user_id`, `c_main_category`, `c_sub_category`, `c_body`, `c_ip`, `c_privated`, `c_datetime`, `c_report_count`, `c_first_report_id`, `c_last_report_id`) VALUES(69, 5, 10, 8, 43, 0, 'このクルルとか最高。\nhttp://erl.hatenablog.jp/entry/20130811/1376209727', '60.71.166.189', 0, '2017-03-08 05:41:02', 0, NULL, NULL);
INSERT INTO `comment` (`comment_id`, `c_user_id`, `c_thread_id`, `c_thread_user_id`, `c_main_category`, `c_sub_category`, `c_body`, `c_ip`, `c_privated`, `c_datetime`, `c_report_count`, `c_first_report_id`, `c_last_report_id`) VALUES(70, 8, 10, 8, 43, 0, '白魔道士のクルルさんとか最高ですよね。', '60.71.166.189', 0, '2017-03-08 05:46:44', 0, NULL, NULL);
INSERT INTO `comment` (`comment_id`, `c_user_id`, `c_thread_id`, `c_thread_user_id`, `c_main_category`, `c_sub_category`, `c_body`, `c_ip`, `c_privated`, `c_datetime`, `c_report_count`, `c_first_report_id`, `c_last_report_id`) VALUES(71, 9, 11, 9, 1, 4, '10個ずつでいいかな？\n\nhttps://twitter.com/irone0_0/status/839519549376487424\nhttps://twitter.com/U0x0U_0819/status/839518516797530112\nhttps://twitter.com/miyanishi_12/status/839518155441524736\nhttps://twitter.com/umaslim/status/839517809759563777\nhttps://twitter.com/kanikoro001/status/839517269596069888\nhttps://twitter.com/mogi_3e9/status/839515825652428800\nhttps://twitter.com/kitasaya1833/status/839515765246050304\nhttps://twitter.com/aplerichi2/status/839515521691217923\nhttps://twitter.com/MariShuang0115/status/839515313423032320\nhttps://twitter.com/y_yujirushi/status/839512955527950337', '126.114.211.185', 0, '2017-03-09 02:41:40', 0, NULL, NULL);
INSERT INTO `comment` (`comment_id`, `c_user_id`, `c_thread_id`, `c_thread_user_id`, `c_main_category`, `c_sub_category`, `c_body`, `c_ip`, `c_privated`, `c_datetime`, `c_report_count`, `c_first_report_id`, `c_last_report_id`) VALUES(72, 9, 11, 9, 1, 4, 'かぶったらごめん。\n\nhttps://twitter.com/_oibou/status/839508640159539201\nhttps://twitter.com/pekopekoneko/status/839507248195887112\nhttps://twitter.com/Hato_Midori/status/839504138358513664\nhttps://twitter.com/otaku_nyanko/status/839503356208934913\nhttps://twitter.com/ui_uina/status/839501386161111040\nhttps://twitter.com/1055wxy/status/839500736505339904\nhttps://twitter.com/muromeron0429/status/839499924991418368\nhttps://twitter.com/Hazuki_Nagae19/status/839499028903579648\nhttps://twitter.com/otaku_nyanko/status/839497481566081024\nhttps://twitter.com/milaancestor/status/839496624543936512', '126.114.211.185', 0, '2017-03-09 02:43:48', 0, NULL, NULL);
INSERT INTO `comment` (`comment_id`, `c_user_id`, `c_thread_id`, `c_thread_user_id`, `c_main_category`, `c_sub_category`, `c_body`, `c_ip`, `c_privated`, `c_datetime`, `c_report_count`, `c_first_report_id`, `c_last_report_id`) VALUES(73, 9, 11, 9, 1, 4, 'ミクさんの笑顔かわいいね。\n\nhttps://twitter.com/_mi6kai/status/839496472114544640\nhttps://twitter.com/tako_toi/status/839496386877890560\nhttps://twitter.com/kabosudachin/status/839495742548922369\nhttps://twitter.com/otaku_nyanko/status/839495658742505472\nhttps://twitter.com/jimmy_madomagi/status/839495388037947392\nhttps://twitter.com/high_sen_chan/status/839494066773504000\nhttps://twitter.com/rsktter/status/839491864700952576\nhttps://twitter.com/_gaugau_suruyo_/status/839491781909569537\nhttps://twitter.com/snowmioo/status/839491553701736449\nhttps://twitter.com/kusoyuridanchi/status/839491454904913921', '126.114.211.185', 0, '2017-03-09 02:50:40', 0, NULL, NULL);
INSERT INTO `comment` (`comment_id`, `c_user_id`, `c_thread_id`, `c_thread_user_id`, `c_main_category`, `c_sub_category`, `c_body`, `c_ip`, `c_privated`, `c_datetime`, `c_report_count`, `c_first_report_id`, `c_last_report_id`) VALUES(74, 9, 11, 9, 1, 4, 'https://twitter.com/jt_0903/status/839491421857972229\nhttps://twitter.com/masiromy/status/839491445371215879\nhttps://twitter.com/omrice4869/status/839491341587341312\nhttps://twitter.com/7_24inukai/status/839491118467145729\nhttps://twitter.com/03kohagi/status/839491099580219392\nhttps://twitter.com/here_mia3939/status/839491063085592576\nhttps://twitter.com/unemax/status/839491043061948416\nhttps://twitter.com/sky_pio/status/839491030806233091\nhttps://twitter.com/uiteaaa_oO/status/839491026712584192\nhttps://twitter.com/amaco_1020/status/839491024791560192', '126.114.211.185', 0, '2017-03-09 02:54:33', 0, NULL, NULL);
INSERT INTO `comment` (`comment_id`, `c_user_id`, `c_thread_id`, `c_thread_user_id`, `c_main_category`, `c_sub_category`, `c_body`, `c_ip`, `c_privated`, `c_datetime`, `c_report_count`, `c_first_report_id`, `c_last_report_id`) VALUES(75, 9, 11, 9, 1, 4, 'https://twitter.com/ujinkokann/status/839490974304722945\nhttps://twitter.com/ayamy_garubinu/status/839490941949894656\nhttps://twitter.com/potapota_kon/status/839490914728857601\nhttps://twitter.com/hama948/status/839490908504506368\nhttps://twitter.com/otyakana/status/839490907648868352\nhttps://twitter.com/ito_tomaton/status/839490905081954304\nhttps://twitter.com/rimiru_/status/835140244705988609\nhttps://twitter.com/trontronpudding/status/839535000135462912\nhttps://twitter.com/nmr__k0/status/839535286761603072\nhttps://twitter.com/yukoi03/status/839535250573148161', '126.114.211.185', 0, '2017-03-09 02:58:53', 0, NULL, NULL);
INSERT INTO `comment` (`comment_id`, `c_user_id`, `c_thread_id`, `c_thread_user_id`, `c_main_category`, `c_sub_category`, `c_body`, `c_ip`, `c_privated`, `c_datetime`, `c_report_count`, `c_first_report_id`, `c_last_report_id`) VALUES(76, 9, 11, 9, 1, 4, 'ミクちゃんタワーすごい・・・。\n\nhttps://twitter.com/crm50kai70/status/839533955204313088\nhttps://twitter.com/mikuslover/status/839534952362344448\nhttps://twitter.com/13_KVp/status/839534875690479616\nhttps://twitter.com/xxmkt00xx/status/839534835689381888\nhttps://twitter.com/POogS06jc7JdIu1/status/839534803573600257\nhttps://twitter.com/TaylorRae319/status/839534752155779080\nhttps://twitter.com/eringiii_tugumi/status/839534539487641600\nhttps://twitter.com/atDofhG6i5sGrtX/status/839534531052875776\nhttps://twitter.com/ami522_takap/status/839534495174901760\nhttps://twitter.com/housei_botti/status/839534424140062720', '126.114.211.185', 0, '2017-03-09 03:02:50', 0, NULL, NULL);
INSERT INTO `comment` (`comment_id`, `c_user_id`, `c_thread_id`, `c_thread_user_id`, `c_main_category`, `c_sub_category`, `c_body`, `c_ip`, `c_privated`, `c_datetime`, `c_report_count`, `c_first_report_id`, `c_last_report_id`) VALUES(77, 9, 11, 9, 1, 4, 'こなたです (≡ω≡.)\n\nhttps://twitter.com/edo0o0o0o0o/status/839532817734258689\nhttps://twitter.com/hiyoriiiii14/status/839533881854341121\nhttps://twitter.com/hatsunec0716/status/839533748500615169\nhttps://twitter.com/k66633977/status/839533441628549120\nhttps://twitter.com/Minnnyu/status/839533354550611968\nhttps://twitter.com/komuneko_/status/839533304814563328\nhttps://twitter.com/keyaki283_281/status/839532978183131136\nhttps://twitter.com/O2WASABI39Y/status/839532938823806979\nhttps://twitter.com/puVioq865LnMyS0/status/839532678667890689\nhttps://twitter.com/ReiKoori/status/839532672263172096', '126.114.211.185', 0, '2017-03-09 03:06:52', 0, NULL, NULL);
INSERT INTO `comment` (`comment_id`, `c_user_id`, `c_thread_id`, `c_thread_user_id`, `c_main_category`, `c_sub_category`, `c_body`, `c_ip`, `c_privated`, `c_datetime`, `c_report_count`, `c_first_report_id`, `c_last_report_id`) VALUES(78, 9, 11, 9, 1, 4, 'こわい。\n\nhttps://twitter.com/IIIllIIlIIllIll/status/839530953408036865\nhttps://twitter.com/3yuki_wakabaya4/status/839532511130628096\nhttps://twitter.com/mutter_72/status/839532667552985088\nhttps://twitter.com/sk414/status/839532257756889088\nhttps://twitter.com/Horn0626/status/839532080744706048\nhttps://twitter.com/yuya047_ren/status/839531883335557121\nhttps://twitter.com/mameneko1016/status/839531870488424449\nhttps://twitter.com/SaKuika777/status/839531723788443648\nhttps://twitter.com/AG_mizu_/status/839531325316968452\nhttps://twitter.com/haya_una/status/839530966867562496', '126.114.211.185', 0, '2017-03-09 03:14:06', 0, NULL, NULL);
INSERT INTO `comment` (`comment_id`, `c_user_id`, `c_thread_id`, `c_thread_user_id`, `c_main_category`, `c_sub_category`, `c_body`, `c_ip`, `c_privated`, `c_datetime`, `c_report_count`, `c_first_report_id`, `c_last_report_id`) VALUES(79, 9, 11, 9, 1, 4, 'https://twitter.com/the_to_ru/status/839530889633644544\nhttps://twitter.com/sakumayozora/status/839530782733447168\nhttps://twitter.com/webuhin/status/839530505301172224\nhttps://twitter.com/FiloneTeddy/status/839530439496826880\nhttps://twitter.com/HohinoUmi/status/839530366813642752\nhttps://twitter.com/a_me_ow/status/839530232080035840\nhttps://twitter.com/Pkonm/status/839530209200123904\nhttps://twitter.com/oita_pikapika/status/839530167508709376\nhttps://twitter.com/daua_history/status/839530030279483392\nhttps://twitter.com/hi2sakyou/status/839529871982239744', '126.114.211.185', 0, '2017-03-09 03:18:17', 0, NULL, NULL);
INSERT INTO `comment` (`comment_id`, `c_user_id`, `c_thread_id`, `c_thread_user_id`, `c_main_category`, `c_sub_category`, `c_body`, `c_ip`, `c_privated`, `c_datetime`, `c_report_count`, `c_first_report_id`, `c_last_report_id`) VALUES(80, 9, 11, 9, 1, 4, 'コスもあるみたい。\n\nhttps://twitter.com/krm_kjm/status/839529824406257664\nhttps://twitter.com/sch_mischef/status/839529831784042496\nhttps://twitter.com/teru_nk25/status/839529613910953984\nhttps://twitter.com/europa_s2/status/839529496042602497\nhttps://twitter.com/nagi_lowe/status/839529411175034880\nhttps://twitter.com/mrkr1031/status/839528989165142016\nhttps://twitter.com/angola_pyon/status/839528619361783808\nhttps://twitter.com/mayu_m/status/839528534125109249\nhttps://twitter.com/267Nyalpoi/status/839527988727177216\nhttps://twitter.com/tknm_peco/status/839541181000237056', '126.114.211.185', 0, '2017-03-09 03:22:35', 0, NULL, NULL);
INSERT INTO `comment` (`comment_id`, `c_user_id`, `c_thread_id`, `c_thread_user_id`, `c_main_category`, `c_sub_category`, `c_body`, `c_ip`, `c_privated`, `c_datetime`, `c_report_count`, `c_first_report_id`, `c_last_report_id`) VALUES(81, 9, 11, 9, 1, 4, 'https://twitter.com/kou_mhbzeva/status/839541180723408896\nhttps://twitter.com/puch_1219/status/839541131629080576\nhttps://twitter.com/UGEPPA16/status/839541068597088258\nhttps://twitter.com/ngoriii2/status/839540337135636482\nhttps://twitter.com/youyaketobari/status/839539940396412928\nhttps://twitter.com/Dokkan_Hiloki/status/839539769856008192\nhttps://twitter.com/pn_tk/status/839539722112253952\nhttps://twitter.com/genos9029/status/839539616742965248\nhttps://twitter.com/neko6w6/status/839539311049498624\nhttps://twitter.com/irohasu_love/status/839539221618577408', '126.114.211.185', 0, '2017-03-09 03:25:29', 0, NULL, NULL);
INSERT INTO `comment` (`comment_id`, `c_user_id`, `c_thread_id`, `c_thread_user_id`, `c_main_category`, `c_sub_category`, `c_body`, `c_ip`, `c_privated`, `c_datetime`, `c_report_count`, `c_first_report_id`, `c_last_report_id`) VALUES(82, 9, 11, 9, 1, 4, '折り紙ミクちゃん。\n\nhttps://twitter.com/GodzillaTky/status/839538847729930240\nhttps://twitter.com/841_MiTsuKi/status/839539185115504640\nhttps://twitter.com/noa_ssam/status/839539174025789440\nhttps://twitter.com/byakuro0822/status/839539144208494592\nhttps://twitter.com/break_39/status/839539009575493632\nhttps://twitter.com/___Kano_Kuroha/status/839539003472797697\nhttps://twitter.com/sakura_39/status/839538675310444545\nhttps://twitter.com/unkyruA/status/839538632641781760\nhttps://twitter.com/nanasi00_0/status/839538623615811584\nhttps://twitter.com/keiyuu_39/status/839538606637105152', '126.114.211.185', 0, '2017-03-09 03:32:09', 0, NULL, NULL);
INSERT INTO `comment` (`comment_id`, `c_user_id`, `c_thread_id`, `c_thread_user_id`, `c_main_category`, `c_sub_category`, `c_body`, `c_ip`, `c_privated`, `c_datetime`, `c_report_count`, `c_first_report_id`, `c_last_report_id`) VALUES(83, 9, 11, 9, 1, 4, 'ザクちゃん？\n\nhttps://twitter.com/syougunnmasa/status/839535997641641985\nhttps://twitter.com/rakurui_t/status/839538553436581888\nhttps://twitter.com/8tkns/status/839538529130536960\nhttps://twitter.com/tapioka31/status/839538483991478272\nhttps://twitter.com/hotokenoyamada/status/839538441222148096\nhttps://twitter.com/akainuilasuto/status/839538369042362368\nhttps://twitter.com/8311615842MIKU/status/839538177501097984\nhttps://twitter.com/oekaki_mocan/status/839537348857626625\nhttps://twitter.com/kurukuru_kawaii/status/839535773003079680\nhttps://twitter.com/nmr__k0/status/839535286761603072', '126.114.211.185', 0, '2017-03-09 03:37:07', 0, NULL, NULL);
INSERT INTO `comment` (`comment_id`, `c_user_id`, `c_thread_id`, `c_thread_user_id`, `c_main_category`, `c_sub_category`, `c_body`, `c_ip`, `c_privated`, `c_datetime`, `c_report_count`, `c_first_report_id`, `c_last_report_id`) VALUES(84, 4, 4, 5, 19, 0, '羽川翼\nhttp://imgur.com/kYWSerR', '126.114.211.185', 0, '2017-03-10 05:32:07', 0, NULL, NULL);
INSERT INTO `comment` (`comment_id`, `c_user_id`, `c_thread_id`, `c_thread_user_id`, `c_main_category`, `c_sub_category`, `c_body`, `c_ip`, `c_privated`, `c_datetime`, `c_report_count`, `c_first_report_id`, `c_last_report_id`) VALUES(85, 4, 4, 5, 19, 0, 'たま\nhttp://imgur.com/vSsiwFm', '126.114.211.185', 0, '2017-03-10 05:38:50', 0, NULL, NULL);
INSERT INTO `comment` (`comment_id`, `c_user_id`, `c_thread_id`, `c_thread_user_id`, `c_main_category`, `c_sub_category`, `c_body`, `c_ip`, `c_privated`, `c_datetime`, `c_report_count`, `c_first_report_id`, `c_last_report_id`) VALUES(86, 4, 4, 5, 19, 0, 'あずにゃん\nhttp://imgur.com/EunmAqS', '126.114.211.185', 0, '2017-03-10 05:48:17', 0, NULL, NULL);
INSERT INTO `comment` (`comment_id`, `c_user_id`, `c_thread_id`, `c_thread_user_id`, `c_main_category`, `c_sub_category`, `c_body`, `c_ip`, `c_privated`, `c_datetime`, `c_report_count`, `c_first_report_id`, `c_last_report_id`) VALUES(87, 8, 12, 2, 37, 41, 'こわい。', '126.126.184.104', 0, '2017-03-11 00:07:12', 0, NULL, NULL);
INSERT INTO `comment` (`comment_id`, `c_user_id`, `c_thread_id`, `c_thread_user_id`, `c_main_category`, `c_sub_category`, `c_body`, `c_ip`, `c_privated`, `c_datetime`, `c_report_count`, `c_first_report_id`, `c_last_report_id`) VALUES(88, 1, 1, 1, 1, 0, 'テキストルームは個人的な用途に使えるから。\nとっても自由で気軽に使えるんだ。', '126.15.124.3', 0, '2017-03-13 01:41:11', 0, NULL, NULL);
INSERT INTO `comment` (`comment_id`, `c_user_id`, `c_thread_id`, `c_thread_user_id`, `c_main_category`, `c_sub_category`, `c_body`, `c_ip`, `c_privated`, `c_datetime`, `c_report_count`, `c_first_report_id`, `c_last_report_id`) VALUES(89, 1, 1, 1, 1, 0, 'まずはスレッドを作ってみよう。', '126.15.124.3', 0, '2017-03-13 01:42:42', 0, NULL, NULL);
INSERT INTO `comment` (`comment_id`, `c_user_id`, `c_thread_id`, `c_thread_user_id`, `c_main_category`, `c_sub_category`, `c_body`, `c_ip`, `c_privated`, `c_datetime`, `c_report_count`, `c_first_report_id`, `c_last_report_id`) VALUES(90, 1, 1, 1, 1, 0, '興味あるスレッドを見つけたら、レスしてみよう。', '126.15.124.3', 0, '2017-03-13 01:45:01', 0, NULL, NULL);
INSERT INTO `comment` (`comment_id`, `c_user_id`, `c_thread_id`, `c_thread_user_id`, `c_main_category`, `c_sub_category`, `c_body`, `c_ip`, `c_privated`, `c_datetime`, `c_report_count`, `c_first_report_id`, `c_last_report_id`) VALUES(91, 1, 1, 1, 1, 0, 'おはよう！', '126.15.124.3', 0, '2017-03-13 06:10:06', 0, NULL, NULL);
INSERT INTO `comment` (`comment_id`, `c_user_id`, `c_thread_id`, `c_thread_user_id`, `c_main_category`, `c_sub_category`, `c_body`, `c_ip`, `c_privated`, `c_datetime`, `c_report_count`, `c_first_report_id`, `c_last_report_id`) VALUES(92, 4, 16, 6, 1, 0, '2番目の動画釣られてて草。', '126.7.197.134', 0, '2017-03-13 11:12:02', 0, NULL, NULL);
INSERT INTO `comment` (`comment_id`, `c_user_id`, `c_thread_id`, `c_thread_user_id`, `c_main_category`, `c_sub_category`, `c_body`, `c_ip`, `c_privated`, `c_datetime`, `c_report_count`, `c_first_report_id`, `c_last_report_id`) VALUES(93, 6, 16, 6, 1, 0, '編集中に気づいて差し替えるの忘れたわ。', '126.7.197.134', 0, '2017-03-13 11:14:08', 0, NULL, NULL);
INSERT INTO `comment` (`comment_id`, `c_user_id`, `c_thread_id`, `c_thread_user_id`, `c_main_category`, `c_sub_category`, `c_body`, `c_ip`, `c_privated`, `c_datetime`, `c_report_count`, `c_first_report_id`, `c_last_report_id`) VALUES(94, 4, 16, 6, 1, 0, '電車内で性おじが暴れてたみたいだが…。\nhttps://twitter.com/smz_42/status/840401012967976962', '126.7.197.134', 0, '2017-03-13 11:36:21', 0, NULL, NULL);
INSERT INTO `comment` (`comment_id`, `c_user_id`, `c_thread_id`, `c_thread_user_id`, `c_main_category`, `c_sub_category`, `c_body`, `c_ip`, `c_privated`, `c_datetime`, `c_report_count`, `c_first_report_id`, `c_last_report_id`) VALUES(95, 6, 16, 6, 1, 0, '取り押さえたリーマン特定の動きがある模様。', '126.7.197.134', 0, '2017-03-13 11:39:22', 0, NULL, NULL);
INSERT INTO `comment` (`comment_id`, `c_user_id`, `c_thread_id`, `c_thread_user_id`, `c_main_category`, `c_sub_category`, `c_body`, `c_ip`, `c_privated`, `c_datetime`, `c_report_count`, `c_first_report_id`, `c_last_report_id`) VALUES(96, 4, 16, 6, 1, 0, 'いやな予感しかしないでござる。', '126.7.197.134', 0, '2017-03-13 11:40:51', 0, NULL, NULL);
INSERT INTO `comment` (`comment_id`, `c_user_id`, `c_thread_id`, `c_thread_user_id`, `c_main_category`, `c_sub_category`, `c_body`, `c_ip`, `c_privated`, `c_datetime`, `c_report_count`, `c_first_report_id`, `c_last_report_id`) VALUES(97, 6, 16, 6, 1, 0, '３人に取り押さえられたらしいゾ。', '126.7.197.134', 0, '2017-03-13 11:44:16', 0, NULL, NULL);
INSERT INTO `comment` (`comment_id`, `c_user_id`, `c_thread_id`, `c_thread_user_id`, `c_main_category`, `c_sub_category`, `c_body`, `c_ip`, `c_privated`, `c_datetime`, `c_report_count`, `c_first_report_id`, `c_last_report_id`) VALUES(98, 4, 16, 6, 1, 0, 'スマブラかな？', '126.7.197.134', 0, '2017-03-13 11:45:56', 0, NULL, NULL);
INSERT INTO `comment` (`comment_id`, `c_user_id`, `c_thread_id`, `c_thread_user_id`, `c_main_category`, `c_sub_category`, `c_body`, `c_ip`, `c_privated`, `c_datetime`, `c_report_count`, `c_first_report_id`, `c_last_report_id`) VALUES(99, 4, 16, 6, 1, 0, '性おじ「なんだお前！？」\nサラA「オロナイン控えろ！」\n性おじ「なにすんだお前、流行らせコレ。」\nサラA「〆サバァ！」\n性おじ「なんだこいつら・・・。」\n性おじ「ドロヘドロ！（MPが足りない）」\nサラA「抵抗しても無駄だ！」\n性おじ「うざってぇ！お前らふたりなんかに負けるわけねーだろお前」\n性おじ「（ﾃﾚﾚﾚｰ↑）流行らせコラ！（ﾃﾚﾚﾚｰ↓）流行らせコラ！」\n性おじ「ムーミン野郎おいお前！流行らせコラ！」\n\n（４P乱入）\n\n性おじ「なんだお前！？（困惑）」\nサラB「３人に勝てるわけないだろ！」\n性おじ「馬.鹿野郎お前俺は勝つぞお前（天下無双）」\nサラA「フル焼きそば」\n性おじ「ゲホッゲホッ（大ダメージ）」\n性おじ「お前らの言うとおりになんかなんねーぞお前オラァ。離せゴラ」\n性おじ「ア゛（クルール）」\nサラA「シュバルゴ！」\n性おじ「ゲホッゲホッ（致命傷）」\nサラA「もう抵抗しても無駄だぞ」\n性おじ「嫉妬がぁ！」\nサラB「鼻くそが！（暴言）」\n性おじ「やめろォ！（建前）ナイスゥ！（本音）」\n性おじ「やめろお前、どこ触ってんでぃ！（江戸っ子）」\nサラA「見せてみろよオラァ！」\n性おじ「おともだちん.こ触って喜んでんじゃねーよお前」\nサラA「思ったとおりいい体してるじゃねーか」\n性おじ「やはりヤバイ（累計ダメージ）」', '126.7.197.134', 0, '2017-03-13 12:33:28', 0, NULL, NULL);
INSERT INTO `comment` (`comment_id`, `c_user_id`, `c_thread_id`, `c_thread_user_id`, `c_main_category`, `c_sub_category`, `c_body`, `c_ip`, `c_privated`, `c_datetime`, `c_report_count`, `c_first_report_id`, `c_last_report_id`) VALUES(100, 4, 16, 6, 1, 0, '性おじ「仮面ライダーなんだろお前は？」\nサラ「すいません！」\n性おじ「すいませんじゃ済まねーんだよお前」', '126.7.197.134', 0, '2017-03-13 12:42:23', 0, NULL, NULL);
INSERT INTO `comment` (`comment_id`, `c_user_id`, `c_thread_id`, `c_thread_user_id`, `c_main_category`, `c_sub_category`, `c_body`, `c_ip`, `c_privated`, `c_datetime`, `c_report_count`, `c_first_report_id`, `c_last_report_id`) VALUES(101, 6, 16, 6, 1, 0, 'サラリーマンは仮面ライダーだった・・・？', '126.7.197.134', 0, '2017-03-13 12:43:47', 0, NULL, NULL);
INSERT INTO `comment` (`comment_id`, `c_user_id`, `c_thread_id`, `c_thread_user_id`, `c_main_category`, `c_sub_category`, `c_body`, `c_ip`, `c_privated`, `c_datetime`, `c_report_count`, `c_first_report_id`, `c_last_report_id`) VALUES(102, 4, 16, 6, 1, 0, 'http://www.nicovideo.jp/watch/sm19141668', '126.7.197.134', 0, '2017-03-13 13:09:44', 0, NULL, NULL);

--
-- テーブルのデータのダンプ `report_type`
--

INSERT INTO `report_type` (`report_type_id`, `rt_name`, `rt_body`, `rt_count_thread`, `rt_count_comment`, `rt_hide_thread`, `rt_hide_comment`) VALUES(1, 'その他', '<p>その他の利用規約に違反する行為、またはコンテンツの投稿</p>', 0, 0, 0, 0);
INSERT INTO `report_type` (`report_type_id`, `rt_name`, `rt_body`, `rt_count_thread`, `rt_count_comment`, `rt_hide_thread`, `rt_hide_comment`) VALUES(2, '荒らし', '<ol>\n<li>同じ内容の連続的な投稿</li>\n<li>カテゴリルールに沿わない投稿</li>\n<li>スレッドの趣旨とは関係のない投稿</li>\n</ol>', 0, 0, 0, 0);
INSERT INTO `report_type` (`report_type_id`, `rt_name`, `rt_body`, `rt_count_thread`, `rt_count_comment`, `rt_hide_thread`, `rt_hide_comment`) VALUES(3, '著作権', '<ol>\n<li>他サイトの記事の転載</li>\n<li>歌詞の転載</li>\n<li>書籍の転載</li>\n</ol>\n<p>画像や動画の埋め込みに関しては、埋め込みを提供するサイトにお問い合わせください。当サイトは画像や動画を投稿する機能は提供しておりません。</p>', 0, 0, 0, 0);
INSERT INTO `report_type` (`report_type_id`, `rt_name`, `rt_body`, `rt_count_thread`, `rt_count_comment`, `rt_hide_thread`, `rt_hide_comment`) VALUES(4, '児童ポルノ・アダルト・グロテスク', '<ol>\n<li>未成年の顔が写っている画像や映像</li>\n<li>過激で猥褻な文字表現</li>\n<li>過激で猥褻な画像・動画へのリンクや埋め込み</li>\n</ol>', 0, 0, 0, 0);
INSERT INTO `report_type` (`report_type_id`, `rt_name`, `rt_body`, `rt_count_thread`, `rt_count_comment`, `rt_hide_thread`, `rt_hide_comment`) VALUES(5, '個人情報・プライバシー', '<p>実在する個人に結びつく以下の情報を含むコンテンツ</p>\n<ol>\n<li>住所</li>\n<li>氏名</li>\n<li>電話番号</li>\n<li>メールアドレス</li>\n</ol>', 0, 0, 0, 0);
INSERT INTO `report_type` (`report_type_id`, `rt_name`, `rt_body`, `rt_count_thread`, `rt_count_comment`, `rt_hide_thread`, `rt_hide_comment`) VALUES(6, '出会い・待ち合わせ', '<p>出会いを目的とした利用</p>\n<ol>\n<li>待ち合わせ場所の掲示</li>\n<li>住所、電話番号、メールアドレスなどの個人を特定する情報の掲載</li>\n</ol>', 0, 0, 0, 0);
INSERT INTO `report_type` (`report_type_id`, `rt_name`, `rt_body`, `rt_count_thread`, `rt_count_comment`, `rt_hide_thread`, `rt_hide_comment`) VALUES(7, '罵倒・誹謗中傷', '<p>実在する個人・組織・民族への罵倒や誹謗中傷、または客観的な事実が示されない批判</p>', 0, 0, 0, 0);
INSERT INTO `report_type` (`report_type_id`, `rt_name`, `rt_body`, `rt_count_thread`, `rt_count_comment`, `rt_hide_thread`, `rt_hide_comment`) VALUES(8, '犯罪・自殺', '<p>犯罪や自殺の助長・賞賛・自慢</p>', 0, 0, 0, 0);

--
-- テーブルのデータのダンプ `site`
--

INSERT INTO `site` (`s_pv_count`, `s_user_count`, `s_thread_count`, `s_thread_favorite_count`, `s_thread_report_count`, `s_comment_count`, `s_comment_report_count`, `s_privated_thread_count`, `s_privated_comment_count`, `s_comment_max_per_thread`) VALUES(0, 9, 16, 3, 0, 102, 0, 1, 0, 100);

--
-- テーブルのデータのダンプ `site_ng_word`
--

INSERT INTO `site_ng_word` (`snw_word`, `snw_summary`) VALUES('fuck', '');
INSERT INTO `site_ng_word` (`snw_word`, `snw_summary`) VALUES('SEX', '');
INSERT INTO `site_ng_word` (`snw_word`, `snw_summary`) VALUES('[0-9a-z_.?-]+@([0-9a-z-]+\\.)+[0-9a-z-]+', '');
INSERT INTO `site_ng_word` (`snw_word`, `snw_summary`) VALUES('[0-9]{2,4}-[0-9]{2,4}-[0-9]{3,4}', '');
INSERT INTO `site_ng_word` (`snw_word`, `snw_summary`) VALUES('[0-9]{3}-[0-9]{4}', '');
INSERT INTO `site_ng_word` (`snw_word`, `snw_summary`) VALUES('いんもう', '');
INSERT INTO `site_ng_word` (`snw_word`, `snw_summary`) VALUES('くたばれ', '');
INSERT INTO `site_ng_word` (`snw_word`, `snw_summary`) VALUES('ころせ', '');
INSERT INTO `site_ng_word` (`snw_word`, `snw_summary`) VALUES('ちんこ', '');
INSERT INTO `site_ng_word` (`snw_word`, `snw_summary`) VALUES('まんぐり', '');
INSERT INTO `site_ng_word` (`snw_word`, `snw_summary`) VALUES('まんこ', '');
INSERT INTO `site_ng_word` (`snw_word`, `snw_summary`) VALUES('やりまん', '');
INSERT INTO `site_ng_word` (`snw_word`, `snw_summary`) VALUES('イラマチオ', '');
INSERT INTO `site_ng_word` (`snw_word`, `snw_summary`) VALUES('オナニ', '');
INSERT INTO `site_ng_word` (`snw_word`, `snw_summary`) VALUES('オナ二', '');
INSERT INTO `site_ng_word` (`snw_word`, `snw_summary`) VALUES('クリトリス', '');
INSERT INTO `site_ng_word` (`snw_word`, `snw_summary`) VALUES('クンニ', '');
INSERT INTO `site_ng_word` (`snw_word`, `snw_summary`) VALUES('ザーメン', '');
INSERT INTO `site_ng_word` (`snw_word`, `snw_summary`) VALUES('スカトロ', '');
INSERT INTO `site_ng_word` (`snw_word`, `snw_summary`) VALUES('セックス', '');
INSERT INTO `site_ng_word` (`snw_word`, `snw_summary`) VALUES('デリヘル', '');
INSERT INTO `site_ng_word` (`snw_word`, `snw_summary`) VALUES('バイブ', '');
INSERT INTO `site_ng_word` (`snw_word`, `snw_summary`) VALUES('パイズリ', '');
INSERT INTO `site_ng_word` (`snw_word`, `snw_summary`) VALUES('パイパン', '');
INSERT INTO `site_ng_word` (`snw_word`, `snw_summary`) VALUES('ビッチ', '');
INSERT INTO `site_ng_word` (`snw_word`, `snw_summary`) VALUES('ファック', '');
INSERT INTO `site_ng_word` (`snw_word`, `snw_summary`) VALUES('フェラ', '');
INSERT INTO `site_ng_word` (`snw_word`, `snw_summary`) VALUES('ヤリチン', '');
INSERT INTO `site_ng_word` (`snw_word`, `snw_summary`) VALUES('ヤリマン', '');
INSERT INTO `site_ng_word` (`snw_word`, `snw_summary`) VALUES('ローター', '');
INSERT INTO `site_ng_word` (`snw_word`, `snw_summary`) VALUES('中出し', '');
INSERT INTO `site_ng_word` (`snw_word`, `snw_summary`) VALUES('乱交', '');
INSERT INTO `site_ng_word` (`snw_word`, `snw_summary`) VALUES('姦', '');
INSERT INTO `site_ng_word` (`snw_word`, `snw_summary`) VALUES('手コキ', '');
INSERT INTO `site_ng_word` (`snw_word`, `snw_summary`) VALUES('手マン', '');
INSERT INTO `site_ng_word` (`snw_word`, `snw_summary`) VALUES('死ね', '');
INSERT INTO `site_ng_word` (`snw_word`, `snw_summary`) VALUES('殺す', '');
INSERT INTO `site_ng_word` (`snw_word`, `snw_summary`) VALUES('潮吹', '');
INSERT INTO `site_ng_word` (`snw_word`, `snw_summary`) VALUES('爆乳', '');
INSERT INTO `site_ng_word` (`snw_word`, `snw_summary`) VALUES('肉便器', '');
INSERT INTO `site_ng_word` (`snw_word`, `snw_summary`) VALUES('肉棒', '');
INSERT INTO `site_ng_word` (`snw_word`, `snw_summary`) VALUES('陰毛', '');
INSERT INTO `site_ng_word` (`snw_word`, `snw_summary`) VALUES('ＳＥＸ', '');

--
-- テーブルのデータのダンプ `site_sessions`
--

INSERT INTO `site_sessions` (`id`, `ip_address`, `timestamp`, `data`) VALUES('0416b5b7fdcd8e302d7d492754795abaf99c5fec', '126.126.184.104', 1489158833, 0x5f5f63695f6c6173745f726567656e65726174657c693a313438393135383736393b6f617574685f746f6b656e7c733a32373a2279644d6749514141414141417a4c73514141414257726933464b67223b6f617574685f746f6b656e5f7365637265747c733a33323a2268675479717172397452507434324c6d636e56676553753945687051754c7a6a223b6163636573735f746f6b656e7c613a353a7b733a31313a226f617574685f746f6b656e223b733a35303a22333339353532353839342d4a71415877424576565742473956576a57304c504b32677071744e4b6d6d455a615551634b4879223b733a31383a226f617574685f746f6b656e5f736563726574223b733a34353a2248617262776c6b673434636f7a4b626976796a366a6c4648673042337532386b65596c426e54636e5253624962223b733a373a22757365725f6964223b733a31303a2233333935353235383934223b733a31313a2273637265656e5f6e616d65223b733a393a226d6172626c65333332223b733a31343a22785f617574685f65787069726573223b733a313a2230223b7d757365725f69647c733a313a2238223b747769747465725f7072696d6172795f69647c693a333339353532353839343b);
INSERT INTO `site_sessions` (`id`, `ip_address`, `timestamp`, `data`) VALUES('04269bb73c1946380cdcebf01d22a5660c6fb9dc', '126.15.124.3', 1489171280, 0x5f5f63695f6c6173745f726567656e65726174657c693a313438393137313031333b6f617574685f746f6b656e7c733a32373a227437356853674141414141417a4c735141414142577253504e5a4d223b6f617574685f746f6b656e5f7365637265747c733a33323a22704162624c79676449576565746b577478683577683970636b5a4b365162527a223b6163636573735f746f6b656e7c613a353a7b733a31313a226f617574685f746f6b656e223b733a35303a223833313033343431393730333939363431362d3737634c7a5766654f5a6a46696b61626846734558564a4853414546616e76223b733a31383a226f617574685f746f6b656e5f736563726574223b733a34353a22505061544c416b62695853625950366b6c303368414a62626d6b684673556c555866464e675751666d79583874223b733a373a22757365725f6964223b733a31383a22383331303334343139373033393936343136223b733a31313a2273637265656e5f6e616d65223b733a393a2274657874726f6f6f6d223b733a31343a22785f617574685f65787069726573223b733a313a2230223b7d757365725f69647c733a313a2231223b747769747465725f7072696d6172795f69647c693a3833313033343431393730333939363431363b);
INSERT INTO `site_sessions` (`id`, `ip_address`, `timestamp`, `data`) VALUES('08547171fc2481ad09a7f4474b6a3c6ce660331f', '126.15.124.3', 1489340962, 0x5f5f63695f6c6173745f726567656e65726174657c693a313438393334303936323b6f617574685f746f6b656e7c733a32373a226432693761414141414141417a4c73514141414257734c4e424241223b6f617574685f746f6b656e5f7365637265747c733a33323a22364157767774544a7468594c6f4e4f5867783467714c565a675a5058484d496b223b6163636573735f746f6b656e7c613a353a7b733a31313a226f617574685f746f6b656e223b733a35303a223833313033343431393730333939363431362d3737634c7a5766654f5a6a46696b61626846734558564a4853414546616e76223b733a31383a226f617574685f746f6b656e5f736563726574223b733a34353a22505061544c416b62695853625950366b6c303368414a62626d6b684673556c555866464e675751666d79583874223b733a373a22757365725f6964223b733a31383a22383331303334343139373033393936343136223b733a31313a2273637265656e5f6e616d65223b733a393a2274657874726f6f6f6d223b733a31343a22785f617574685f65787069726573223b733a313a2230223b7d757365725f69647c733a313a2231223b747769747465725f7072696d6172795f69647c693a3833313033343431393730333939363431363b);
INSERT INTO `site_sessions` (`id`, `ip_address`, `timestamp`, `data`) VALUES('0c8554dc2fc467b364aae020de5cede5f1577a64', '126.15.124.3', 1489165841, 0x5f5f63695f6c6173745f726567656e65726174657c693a313438393136353632343b6f617574685f746f6b656e7c733a32373a22544c366b71514141414141417a4c7351414141425772695a656751223b6f617574685f746f6b656e5f7365637265747c733a33323a2239437254753159324c4a666873456864786b313351506f725770764b78756733223b6163636573735f746f6b656e7c613a353a7b733a31313a226f617574685f746f6b656e223b733a35303a22343230363933323833342d34546f4b52486764344c4673555a3674414d4355457754346f4f654a4863475246686c48787837223b733a31383a226f617574685f746f6b656e5f736563726574223b733a34353a22377863733251556767384b7356743852455259645853447076426b39684475667a763873676d62413249657944223b733a373a22757365725f6964223b733a31303a2234323036393332383334223b733a31313a2273637265656e5f6e616d65223b733a373a22617361696b6f36223b733a31343a22785f617574685f65787069726573223b733a313a2230223b7d757365725f69647c733a313a2234223b747769747465725f7072696d6172795f69647c693a343230363933323833343b);
INSERT INTO `site_sessions` (`id`, `ip_address`, `timestamp`, `data`) VALUES('0e16f4440a6aa543629e54bb1c9101473c6c602d', '126.7.197.134', 1489371880, 0x5f5f63695f6c6173745f726567656e65726174657c693a313438393337313538383b6f617574685f746f6b656e7c733a32373a224339766261414141414141417a4c735141414142577356514f4f45223b6f617574685f746f6b656e5f7365637265747c733a33323a223245683074354f714f383834694645636153777550554e614572486665784c76223b6163636573735f746f6b656e7c613a353a7b733a31313a226f617574685f746f6b656e223b733a35303a22333431323936363730302d584f3567514c6b737035546f347834524f4e4432535142744f497a786d6d39526262394b757933223b733a31383a226f617574685f746f6b656e5f736563726574223b733a34353a2277743748463263505969395a694e78325a565a7677396247495542737074384c33755045655562384246367736223b733a373a22757365725f6964223b733a31303a2233343132393636373030223b733a31313a2273637265656e5f6e616d65223b733a31323a226b61737368696d6173686930223b733a31343a22785f617574685f65787069726573223b733a313a2230223b7d757365725f69647c733a313a2236223b747769747465725f7072696d6172795f69647c693a333431323936363730303b);
INSERT INTO `site_sessions` (`id`, `ip_address`, `timestamp`, `data`) VALUES('0e7d962ec0b158466682bf4e93bdd0589c7edbb5', '126.15.124.3', 1489214934, 0x5f5f63695f6c6173745f726567656e65726174657c693a313438393231343932383b6f617574685f746f6b656e7c733a32373a227056683670674141414141417a4c73514141414257727435464145223b6f617574685f746f6b656e5f7365637265747c733a33323a22646379576944386150746662425839737779697a745956756d793861324b6d4e223b6163636573735f746f6b656e7c613a353a7b733a31313a226f617574685f746f6b656e223b733a35303a22343230363933323833342d34546f4b52486764344c4673555a3674414d4355457754346f4f654a4863475246686c48787837223b733a31383a226f617574685f746f6b656e5f736563726574223b733a34353a22377863733251556767384b7356743852455259645853447076426b39684475667a763873676d62413249657944223b733a373a22757365725f6964223b733a31303a2234323036393332383334223b733a31313a2273637265656e5f6e616d65223b733a373a22617361696b6f36223b733a31343a22785f617574685f65787069726573223b733a313a2230223b7d757365725f69647c733a313a2234223b747769747465725f7072696d6172795f69647c693a343230363933323833343b);
INSERT INTO `site_sessions` (`id`, `ip_address`, `timestamp`, `data`) VALUES('0ea3d26af53e386e79a67e88c301ca73c890f132', '126.15.124.3', 1489170134, 0x5f5f63695f6c6173745f726567656e65726174657c693a313438393137303133343b6f617574685f746f6b656e7c733a32373a224750487545414141414141417a4c7351414141425772532d533377223b6f617574685f746f6b656e5f7365637265747c733a33323a22544972674b456b466551544f324652333374307949485874626963783865764f223b6163636573735f746f6b656e7c613a353a7b733a31313a226f617574685f746f6b656e223b733a35303a22343230363933323833342d34546f4b52486764344c4673555a3674414d4355457754346f4f654a4863475246686c48787837223b733a31383a226f617574685f746f6b656e5f736563726574223b733a34353a22377863733251556767384b7356743852455259645853447076426b39684475667a763873676d62413249657944223b733a373a22757365725f6964223b733a31303a2234323036393332383334223b733a31313a2273637265656e5f6e616d65223b733a373a22617361696b6f36223b733a31343a22785f617574685f65787069726573223b733a313a2230223b7d757365725f69647c733a313a2234223b747769747465725f7072696d6172795f69647c693a343230363933323833343b);
INSERT INTO `site_sessions` (`id`, `ip_address`, `timestamp`, `data`) VALUES('11bf1d3ccbd8b26063ff1f960d82d09bf68efd8d', '126.15.124.3', 1489345879, 0x5f5f63695f6c6173745f726567656e65726174657c693a313438393334353736323b6f617574685f746f6b656e7c733a32373a226432693761414141414141417a4c73514141414257734c4e424241223b6f617574685f746f6b656e5f7365637265747c733a33323a22364157767774544a7468594c6f4e4f5867783467714c565a675a5058484d496b223b6163636573735f746f6b656e7c613a353a7b733a31313a226f617574685f746f6b656e223b733a35303a223833313033343431393730333939363431362d3737634c7a5766654f5a6a46696b61626846734558564a4853414546616e76223b733a31383a226f617574685f746f6b656e5f736563726574223b733a34353a22505061544c416b62695853625950366b6c303368414a62626d6b684673556c555866464e675751666d79583874223b733a373a22757365725f6964223b733a31383a22383331303334343139373033393936343136223b733a31313a2273637265656e5f6e616d65223b733a393a2274657874726f6f6f6d223b733a31343a22785f617574685f65787069726573223b733a313a2230223b7d757365725f69647c733a313a2231223b747769747465725f7072696d6172795f69647c693a3833313033343431393730333939363431363b);
INSERT INTO `site_sessions` (`id`, `ip_address`, `timestamp`, `data`) VALUES('1320945a9962702faf9bdaf45059e1a6d603ea56', '126.15.124.3', 1489332033, 0x5f5f63695f6c6173745f726567656e65726174657c693a313438393333323032323b6f617574685f746f6b656e7c733a32373a226432693761414141414141417a4c73514141414257734c4e424241223b6f617574685f746f6b656e5f7365637265747c733a33323a22364157767774544a7468594c6f4e4f5867783467714c565a675a5058484d496b223b6163636573735f746f6b656e7c613a353a7b733a31313a226f617574685f746f6b656e223b733a35303a223833313033343431393730333939363431362d3737634c7a5766654f5a6a46696b61626846734558564a4853414546616e76223b733a31383a226f617574685f746f6b656e5f736563726574223b733a34353a22505061544c416b62695853625950366b6c303368414a62626d6b684673556c555866464e675751666d79583874223b733a373a22757365725f6964223b733a31383a22383331303334343139373033393936343136223b733a31313a2273637265656e5f6e616d65223b733a393a2274657874726f6f6f6d223b733a31343a22785f617574685f65787069726573223b733a313a2230223b7d757365725f69647c733a313a2231223b747769747465725f7072696d6172795f69647c693a3833313033343431393730333939363431363b);
INSERT INTO `site_sessions` (`id`, `ip_address`, `timestamp`, `data`) VALUES('15458f51e7d1149d86a762afba40d483102eb8d7', '126.15.124.3', 1489343263, 0x5f5f63695f6c6173745f726567656e65726174657c693a313438393334333234363b6f617574685f746f6b656e7c733a32373a226432693761414141414141417a4c73514141414257734c4e424241223b6f617574685f746f6b656e5f7365637265747c733a33323a22364157767774544a7468594c6f4e4f5867783467714c565a675a5058484d496b223b6163636573735f746f6b656e7c613a353a7b733a31313a226f617574685f746f6b656e223b733a35303a223833313033343431393730333939363431362d3737634c7a5766654f5a6a46696b61626846734558564a4853414546616e76223b733a31383a226f617574685f746f6b656e5f736563726574223b733a34353a22505061544c416b62695853625950366b6c303368414a62626d6b684673556c555866464e675751666d79583874223b733a373a22757365725f6964223b733a31383a22383331303334343139373033393936343136223b733a31313a2273637265656e5f6e616d65223b733a393a2274657874726f6f6f6d223b733a31343a22785f617574685f65787069726573223b733a313a2230223b7d757365725f69647c733a313a2231223b747769747465725f7072696d6172795f69647c693a3833313033343431393730333939363431363b);
INSERT INTO `site_sessions` (`id`, `ip_address`, `timestamp`, `data`) VALUES('16b3cd1037d7b2adb3b6856c0d7dd98e942524e6', '126.7.197.134', 1489371273, 0x5f5f63695f6c6173745f726567656e65726174657c693a313438393337313134343b6f617574685f746f6b656e7c733a32373a224339766261414141414141417a4c735141414142577356514f4f45223b6f617574685f746f6b656e5f7365637265747c733a33323a223245683074354f714f383834694645636153777550554e614572486665784c76223b6163636573735f746f6b656e7c613a353a7b733a31313a226f617574685f746f6b656e223b733a35303a22333431323936363730302d584f3567514c6b737035546f347834524f4e4432535142744f497a786d6d39526262394b757933223b733a31383a226f617574685f746f6b656e5f736563726574223b733a34353a2277743748463263505969395a694e78325a565a7677396247495542737074384c33755045655562384246367736223b733a373a22757365725f6964223b733a31303a2233343132393636373030223b733a31313a2273637265656e5f6e616d65223b733a31323a226b61737368696d6173686930223b733a31343a22785f617574685f65787069726573223b733a313a2230223b7d757365725f69647c733a313a2236223b747769747465725f7072696d6172795f69647c693a333431323936363730303b);
INSERT INTO `site_sessions` (`id`, `ip_address`, `timestamp`, `data`) VALUES('1801d5853889a0429463eb8fdd3b98d2c7a961b7', '126.15.124.3', 1489172848, 0x5f5f63695f6c6173745f726567656e65726174657c693a313438393137323834363b6f617574685f746f6b656e7c733a32373a227437356853674141414141417a4c735141414142577253504e5a4d223b6f617574685f746f6b656e5f7365637265747c733a33323a22704162624c79676449576565746b577478683577683970636b5a4b365162527a223b6163636573735f746f6b656e7c613a353a7b733a31313a226f617574685f746f6b656e223b733a35303a223833313033343431393730333939363431362d3737634c7a5766654f5a6a46696b61626846734558564a4853414546616e76223b733a31383a226f617574685f746f6b656e5f736563726574223b733a34353a22505061544c416b62695853625950366b6c303368414a62626d6b684673556c555866464e675751666d79583874223b733a373a22757365725f6964223b733a31383a22383331303334343139373033393936343136223b733a31313a2273637265656e5f6e616d65223b733a393a2274657874726f6f6f6d223b733a31343a22785f617574685f65787069726573223b733a313a2230223b7d757365725f69647c733a313a2231223b747769747465725f7072696d6172795f69647c693a3833313033343431393730333939363431363b);
INSERT INTO `site_sessions` (`id`, `ip_address`, `timestamp`, `data`) VALUES('191b314ff55de962c1bcd750c6806d10fa3b443c', '126.15.124.3', 1489171848, 0x5f5f63695f6c6173745f726567656e65726174657c693a313438393137313638333b6f617574685f746f6b656e7c733a32373a227437356853674141414141417a4c735141414142577253504e5a4d223b6f617574685f746f6b656e5f7365637265747c733a33323a22704162624c79676449576565746b577478683577683970636b5a4b365162527a223b6163636573735f746f6b656e7c613a353a7b733a31313a226f617574685f746f6b656e223b733a35303a223833313033343431393730333939363431362d3737634c7a5766654f5a6a46696b61626846734558564a4853414546616e76223b733a31383a226f617574685f746f6b656e5f736563726574223b733a34353a22505061544c416b62695853625950366b6c303368414a62626d6b684673556c555866464e675751666d79583874223b733a373a22757365725f6964223b733a31383a22383331303334343139373033393936343136223b733a31313a2273637265656e5f6e616d65223b733a393a2274657874726f6f6f6d223b733a31343a22785f617574685f65787069726573223b733a313a2230223b7d757365725f69647c733a313a2231223b747769747465725f7072696d6172795f69647c693a3833313033343431393730333939363431363b);
INSERT INTO `site_sessions` (`id`, `ip_address`, `timestamp`, `data`) VALUES('1941640917c2bc63ab8d19b5cd7b3627971e4ec9', '126.15.124.3', 1489339357, 0x5f5f63695f6c6173745f726567656e65726174657c693a313438393333393036333b6f617574685f746f6b656e7c733a32373a226432693761414141414141417a4c73514141414257734c4e424241223b6f617574685f746f6b656e5f7365637265747c733a33323a22364157767774544a7468594c6f4e4f5867783467714c565a675a5058484d496b223b6163636573735f746f6b656e7c613a353a7b733a31313a226f617574685f746f6b656e223b733a35303a223833313033343431393730333939363431362d3737634c7a5766654f5a6a46696b61626846734558564a4853414546616e76223b733a31383a226f617574685f746f6b656e5f736563726574223b733a34353a22505061544c416b62695853625950366b6c303368414a62626d6b684673556c555866464e675751666d79583874223b733a373a22757365725f6964223b733a31383a22383331303334343139373033393936343136223b733a31313a2273637265656e5f6e616d65223b733a393a2274657874726f6f6f6d223b733a31343a22785f617574685f65787069726573223b733a313a2230223b7d757365725f69647c733a313a2231223b747769747465725f7072696d6172795f69647c693a3833313033343431393730333939363431363b);
INSERT INTO `site_sessions` (`id`, `ip_address`, `timestamp`, `data`) VALUES('1a2b825ab34648926a8f2239e547eb0ee45e7af5', '126.15.124.3', 1489165936, 0x5f5f63695f6c6173745f726567656e65726174657c693a313438393136353933363b6f617574685f746f6b656e7c733a32373a22544c366b71514141414141417a4c7351414141425772695a656751223b6f617574685f746f6b656e5f7365637265747c733a33323a2239437254753159324c4a666873456864786b313351506f725770764b78756733223b6163636573735f746f6b656e7c613a353a7b733a31313a226f617574685f746f6b656e223b733a35303a22343230363933323833342d34546f4b52486764344c4673555a3674414d4355457754346f4f654a4863475246686c48787837223b733a31383a226f617574685f746f6b656e5f736563726574223b733a34353a22377863733251556767384b7356743852455259645853447076426b39684475667a763873676d62413249657944223b733a373a22757365725f6964223b733a31303a2234323036393332383334223b733a31313a2273637265656e5f6e616d65223b733a373a22617361696b6f36223b733a31343a22785f617574685f65787069726573223b733a313a2230223b7d757365725f69647c733a313a2234223b747769747465725f7072696d6172795f69647c693a343230363933323833343b);
INSERT INTO `site_sessions` (`id`, `ip_address`, `timestamp`, `data`) VALUES('1fb8f27ae52dafbca0937b92bdd3b1228bd8756f', '126.7.197.134', 1489370780, 0x5f5f63695f6c6173745f726567656e65726174657c693a313438393337303530323b6f617574685f746f6b656e7c733a32373a224339766261414141414141417a4c735141414142577356514f4f45223b6f617574685f746f6b656e5f7365637265747c733a33323a223245683074354f714f383834694645636153777550554e614572486665784c76223b6163636573735f746f6b656e7c613a353a7b733a31313a226f617574685f746f6b656e223b733a35303a22333431323936363730302d584f3567514c6b737035546f347834524f4e4432535142744f497a786d6d39526262394b757933223b733a31383a226f617574685f746f6b656e5f736563726574223b733a34353a2277743748463263505969395a694e78325a565a7677396247495542737074384c33755045655562384246367736223b733a373a22757365725f6964223b733a31303a2233343132393636373030223b733a31313a2273637265656e5f6e616d65223b733a31323a226b61737368696d6173686930223b733a31343a22785f617574685f65787069726573223b733a313a2230223b7d757365725f69647c733a313a2236223b747769747465725f7072696d6172795f69647c693a333431323936363730303b);
INSERT INTO `site_sessions` (`id`, `ip_address`, `timestamp`, `data`) VALUES('214bdecff0e4371e5168c88e1f6cfd9ec9a73f9b', '126.15.124.3', 1489203977, 0x5f5f63695f6c6173745f726567656e65726174657c693a313438393230333935383b6f617574685f746f6b656e7c733a32373a227056683670674141414141417a4c73514141414257727435464145223b6f617574685f746f6b656e5f7365637265747c733a33323a22646379576944386150746662425839737779697a745956756d793861324b6d4e223b6163636573735f746f6b656e7c613a353a7b733a31313a226f617574685f746f6b656e223b733a35303a22343230363933323833342d34546f4b52486764344c4673555a3674414d4355457754346f4f654a4863475246686c48787837223b733a31383a226f617574685f746f6b656e5f736563726574223b733a34353a22377863733251556767384b7356743852455259645853447076426b39684475667a763873676d62413249657944223b733a373a22757365725f6964223b733a31303a2234323036393332383334223b733a31313a2273637265656e5f6e616d65223b733a373a22617361696b6f36223b733a31343a22785f617574685f65787069726573223b733a313a2230223b7d757365725f69647c733a313a2234223b747769747465725f7072696d6172795f69647c693a343230363933323833343b);
INSERT INTO `site_sessions` (`id`, `ip_address`, `timestamp`, `data`) VALUES('22607d87bf5ef9b8f633b72bb3ad17864c2589c0', '126.15.124.3', 1489334115, 0x5f5f63695f6c6173745f726567656e65726174657c693a313438393333343037343b6f617574685f746f6b656e7c733a32373a226432693761414141414141417a4c73514141414257734c4e424241223b6f617574685f746f6b656e5f7365637265747c733a33323a22364157767774544a7468594c6f4e4f5867783467714c565a675a5058484d496b223b6163636573735f746f6b656e7c613a353a7b733a31313a226f617574685f746f6b656e223b733a35303a223833313033343431393730333939363431362d3737634c7a5766654f5a6a46696b61626846734558564a4853414546616e76223b733a31383a226f617574685f746f6b656e5f736563726574223b733a34353a22505061544c416b62695853625950366b6c303368414a62626d6b684673556c555866464e675751666d79583874223b733a373a22757365725f6964223b733a31383a22383331303334343139373033393936343136223b733a31313a2273637265656e5f6e616d65223b733a393a2274657874726f6f6f6d223b733a31343a22785f617574685f65787069726573223b733a313a2230223b7d757365725f69647c733a313a2231223b747769747465725f7072696d6172795f69647c693a3833313033343431393730333939363431363b);
INSERT INTO `site_sessions` (`id`, `ip_address`, `timestamp`, `data`) VALUES('28721d77487c8c72a5061839de9c801f14ada79b', '126.114.211.185', 1489092507, 0x5f5f63695f6c6173745f726567656e65726174657c693a313438393039323437353b6f617574685f746f6b656e7c733a32373a224750487545414141414141417a4c7351414141425772532d533377223b6f617574685f746f6b656e5f7365637265747c733a33323a22544972674b456b466551544f324652333374307949485874626963783865764f223b6163636573735f746f6b656e7c613a353a7b733a31313a226f617574685f746f6b656e223b733a35303a22343230363933323833342d34546f4b52486764344c4673555a3674414d4355457754346f4f654a4863475246686c48787837223b733a31383a226f617574685f746f6b656e5f736563726574223b733a34353a22377863733251556767384b7356743852455259645853447076426b39684475667a763873676d62413249657944223b733a373a22757365725f6964223b733a31303a2234323036393332383334223b733a31313a2273637265656e5f6e616d65223b733a373a22617361696b6f36223b733a31343a22785f617574685f65787069726573223b733a313a2230223b7d757365725f69647c733a313a2234223b747769747465725f7072696d6172795f69647c693a343230363933323833343b);
INSERT INTO `site_sessions` (`id`, `ip_address`, `timestamp`, `data`) VALUES('29bee04e61468f3246e7eb3f44d90a348dcf8b1a', '126.15.124.3', 1489207298, 0x5f5f63695f6c6173745f726567656e65726174657c693a313438393230373232343b6f617574685f746f6b656e7c733a32373a227056683670674141414141417a4c73514141414257727435464145223b6f617574685f746f6b656e5f7365637265747c733a33323a22646379576944386150746662425839737779697a745956756d793861324b6d4e223b6163636573735f746f6b656e7c613a353a7b733a31313a226f617574685f746f6b656e223b733a35303a22343230363933323833342d34546f4b52486764344c4673555a3674414d4355457754346f4f654a4863475246686c48787837223b733a31383a226f617574685f746f6b656e5f736563726574223b733a34353a22377863733251556767384b7356743852455259645853447076426b39684475667a763873676d62413249657944223b733a373a22757365725f6964223b733a31303a2234323036393332383334223b733a31313a2273637265656e5f6e616d65223b733a373a22617361696b6f36223b733a31343a22785f617574685f65787069726573223b733a313a2230223b7d757365725f69647c733a313a2234223b747769747465725f7072696d6172795f69647c693a343230363933323833343b);
INSERT INTO `site_sessions` (`id`, `ip_address`, `timestamp`, `data`) VALUES('2a2be353679dca53b01f0c5f26642e495b41f39f', '126.7.197.134', 1489702760, 0x6f617574685f746f6b656e7c733a32373a2244576e5743514141414141417a4c73514141414257746b30487045223b6f617574685f746f6b656e5f7365637265747c733a33323a2263314e4d72696b334e6d6b69774174424131456c4d45506149616b6362495832223b6163636573735f746f6b656e7c613a353a7b733a31313a226f617574685f746f6b656e223b733a35303a22343230363933323833342d34546f4b52486764344c4673555a3674414d4355457754346f4f654a4863475246686c48787837223b733a31383a226f617574685f746f6b656e5f736563726574223b733a34353a22377863733251556767384b7356743852455259645853447076426b39684475667a763873676d62413249657944223b733a373a22757365725f6964223b733a31303a2234323036393332383334223b733a31313a2273637265656e5f6e616d65223b733a373a22617361696b6f36223b733a31343a22785f617574685f65787069726573223b733a313a2230223b7d757365725f69647c733a313a2234223b747769747465725f7072696d6172795f69647c693a343230363933323833343b);
INSERT INTO `site_sessions` (`id`, `ip_address`, `timestamp`, `data`) VALUES('2b1e5d2547d4800feb0bf3beb477e0c28d8f9e5c', '126.7.197.134', 1489702814, 0x6f617574685f746f6b656e7c733a32373a226d32457377514141414141417a4c73514141414257746b302d6d73223b6f617574685f746f6b656e5f7365637265747c733a33323a22785a4e36325044564b416e686e34766b4f366d44445966696b78665469524178223b6163636573735f746f6b656e7c613a353a7b733a31313a226f617574685f746f6b656e223b733a35303a22333431323936363730302d584f3567514c6b737035546f347834524f4e4432535142744f497a786d6d39526262394b757933223b733a31383a226f617574685f746f6b656e5f736563726574223b733a34353a2277743748463263505969395a694e78325a565a7677396247495542737074384c33755045655562384246367736223b733a373a22757365725f6964223b733a31303a2233343132393636373030223b733a31313a2273637265656e5f6e616d65223b733a31323a226b61737368696d6173686930223b733a31343a22785f617574685f65787069726573223b733a313a2230223b7d757365725f69647c733a313a2236223b747769747465725f7072696d6172795f69647c693a333431323936363730303b);
INSERT INTO `site_sessions` (`id`, `ip_address`, `timestamp`, `data`) VALUES('2bfe4680ecdd64d34d73539110aa6731aabe1fd2', '126.114.211.185', 1489093367, 0x5f5f63695f6c6173745f726567656e65726174657c693a313438393039333231373b6f617574685f746f6b656e7c733a32373a224750487545414141414141417a4c7351414141425772532d533377223b6f617574685f746f6b656e5f7365637265747c733a33323a22544972674b456b466551544f324652333374307949485874626963783865764f223b6163636573735f746f6b656e7c613a353a7b733a31313a226f617574685f746f6b656e223b733a35303a22343230363933323833342d34546f4b52486764344c4673555a3674414d4355457754346f4f654a4863475246686c48787837223b733a31383a226f617574685f746f6b656e5f736563726574223b733a34353a22377863733251556767384b7356743852455259645853447076426b39684475667a763873676d62413249657944223b733a373a22757365725f6964223b733a31303a2234323036393332383334223b733a31313a2273637265656e5f6e616d65223b733a373a22617361696b6f36223b733a31343a22785f617574685f65787069726573223b733a313a2230223b7d757365725f69647c733a313a2234223b747769747465725f7072696d6172795f69647c693a343230363933323833343b);
INSERT INTO `site_sessions` (`id`, `ip_address`, `timestamp`, `data`) VALUES('2cfe4915ea562e7583c685b33384174fb97edf03', '126.15.124.3', 1489177547, 0x5f5f63695f6c6173745f726567656e65726174657c693a313438393137373437353b6f617574685f746f6b656e7c733a32373a227437356853674141414141417a4c735141414142577253504e5a4d223b6f617574685f746f6b656e5f7365637265747c733a33323a22704162624c79676449576565746b577478683577683970636b5a4b365162527a223b6163636573735f746f6b656e7c613a353a7b733a31313a226f617574685f746f6b656e223b733a35303a223833313033343431393730333939363431362d3737634c7a5766654f5a6a46696b61626846734558564a4853414546616e76223b733a31383a226f617574685f746f6b656e5f736563726574223b733a34353a22505061544c416b62695853625950366b6c303368414a62626d6b684673556c555866464e675751666d79583874223b733a373a22757365725f6964223b733a31383a22383331303334343139373033393936343136223b733a31313a2273637265656e5f6e616d65223b733a393a2274657874726f6f6f6d223b733a31343a22785f617574685f65787069726573223b733a313a2230223b7d757365725f69647c733a313a2231223b747769747465725f7072696d6172795f69647c693a3833313033343431393730333939363431363b);
INSERT INTO `site_sessions` (`id`, `ip_address`, `timestamp`, `data`) VALUES('321b66be641f69aa227b0dc1aec410f5a32e1ee9', '126.15.124.3', 1489180489, 0x5f5f63695f6c6173745f726567656e65726174657c693a313438393138303237383b6f617574685f746f6b656e7c733a32373a227437356853674141414141417a4c735141414142577253504e5a4d223b6f617574685f746f6b656e5f7365637265747c733a33323a22704162624c79676449576565746b577478683577683970636b5a4b365162527a223b6163636573735f746f6b656e7c613a353a7b733a31313a226f617574685f746f6b656e223b733a35303a223833313033343431393730333939363431362d3737634c7a5766654f5a6a46696b61626846734558564a4853414546616e76223b733a31383a226f617574685f746f6b656e5f736563726574223b733a34353a22505061544c416b62695853625950366b6c303368414a62626d6b684673556c555866464e675751666d79583874223b733a373a22757365725f6964223b733a31383a22383331303334343139373033393936343136223b733a31313a2273637265656e5f6e616d65223b733a393a2274657874726f6f6f6d223b733a31343a22785f617574685f65787069726573223b733a313a2230223b7d757365725f69647c733a313a2231223b747769747465725f7072696d6172795f69647c693a3833313033343431393730333939363431363b);
INSERT INTO `site_sessions` (`id`, `ip_address`, `timestamp`, `data`) VALUES('34ea54c7cf7756d6cf9a46ed2bc45b813ff9bcd9', '126.7.197.134', 1489702854, 0x6f617574685f746f6b656e7c733a32373a225131424f39674141414141417a4c73514141414257746b316c3273223b6f617574685f746f6b656e5f7365637265747c733a33323a22384e416c446a375642303354565457384430543139734c4d7175446b4e536246223b6163636573735f746f6b656e7c613a353a7b733a31313a226f617574685f746f6b656e223b733a35303a22333339353532353839342d4a71415877424576565742473956576a57304c504b32677071744e4b6d6d455a615551634b4879223b733a31383a226f617574685f746f6b656e5f736563726574223b733a34353a2248617262776c6b673434636f7a4b626976796a366a6c4648673042337532386b65596c426e54636e5253624962223b733a373a22757365725f6964223b733a31303a2233333935353235383934223b733a31313a2273637265656e5f6e616d65223b733a393a226d6172626c65333332223b733a31343a22785f617574685f65787069726573223b733a313a2230223b7d757365725f69647c733a313a2238223b747769747465725f7072696d6172795f69647c693a333339353532353839343b);
INSERT INTO `site_sessions` (`id`, `ip_address`, `timestamp`, `data`) VALUES('35873c45944d5380ee79e35b6b5c72ffc288c5de', '126.15.124.3', 1489338585, 0x5f5f63695f6c6173745f726567656e65726174657c693a313438393333383538353b6f617574685f746f6b656e7c733a32373a226432693761414141414141417a4c73514141414257734c4e424241223b6f617574685f746f6b656e5f7365637265747c733a33323a22364157767774544a7468594c6f4e4f5867783467714c565a675a5058484d496b223b6163636573735f746f6b656e7c613a353a7b733a31313a226f617574685f746f6b656e223b733a35303a223833313033343431393730333939363431362d3737634c7a5766654f5a6a46696b61626846734558564a4853414546616e76223b733a31383a226f617574685f746f6b656e5f736563726574223b733a34353a22505061544c416b62695853625950366b6c303368414a62626d6b684673556c555866464e675751666d79583874223b733a373a22757365725f6964223b733a31383a22383331303334343139373033393936343136223b733a31313a2273637265656e5f6e616d65223b733a393a2274657874726f6f6f6d223b733a31343a22785f617574685f65787069726573223b733a313a2230223b7d757365725f69647c733a313a2231223b747769747465725f7072696d6172795f69647c693a3833313033343431393730333939363431363b);
INSERT INTO `site_sessions` (`id`, `ip_address`, `timestamp`, `data`) VALUES('371d6cc68e7ffb0b47aa3ccfab56e2c8c5612972', '126.114.211.185', 1489087971, 0x5f5f63695f6c6173745f726567656e65726174657c693a313438393038373936383b6f617574685f746f6b656e7c733a32373a227437356853674141414141417a4c735141414142577253504e5a4d223b6f617574685f746f6b656e5f7365637265747c733a33323a22704162624c79676449576565746b577478683577683970636b5a4b365162527a223b6163636573735f746f6b656e7c613a353a7b733a31313a226f617574685f746f6b656e223b733a35303a223833313033343431393730333939363431362d3737634c7a5766654f5a6a46696b61626846734558564a4853414546616e76223b733a31383a226f617574685f746f6b656e5f736563726574223b733a34353a22505061544c416b62695853625950366b6c303368414a62626d6b684673556c555866464e675751666d79583874223b733a373a22757365725f6964223b733a31383a22383331303334343139373033393936343136223b733a31313a2273637265656e5f6e616d65223b733a393a2274657874726f6f6f6d223b733a31343a22785f617574685f65787069726573223b733a313a2230223b7d757365725f69647c733a313a2231223b747769747465725f7072696d6172795f69647c693a3833313033343431393730333939363431363b);
INSERT INTO `site_sessions` (`id`, `ip_address`, `timestamp`, `data`) VALUES('378552b64310121fddbf0b1f8e083cc6367e9187', '126.114.211.185', 1489090894, 0x5f5f63695f6c6173745f726567656e65726174657c693a313438393039303635303b);
INSERT INTO `site_sessions` (`id`, `ip_address`, `timestamp`, `data`) VALUES('3931cbceba68c7b7feb55fee8dc2eacec32bc2f8', '126.15.124.3', 1489169252, 0x5f5f63695f6c6173745f726567656e65726174657c693a313438393136393136373b6f617574685f746f6b656e7c733a32373a224750487545414141414141417a4c7351414141425772532d533377223b6f617574685f746f6b656e5f7365637265747c733a33323a22544972674b456b466551544f324652333374307949485874626963783865764f223b6163636573735f746f6b656e7c613a353a7b733a31313a226f617574685f746f6b656e223b733a35303a22343230363933323833342d34546f4b52486764344c4673555a3674414d4355457754346f4f654a4863475246686c48787837223b733a31383a226f617574685f746f6b656e5f736563726574223b733a34353a22377863733251556767384b7356743852455259645853447076426b39684475667a763873676d62413249657944223b733a373a22757365725f6964223b733a31303a2234323036393332383334223b733a31313a2273637265656e5f6e616d65223b733a373a22617361696b6f36223b733a31343a22785f617574685f65787069726573223b733a313a2230223b7d757365725f69647c733a313a2234223b747769747465725f7072696d6172795f69647c693a343230363933323833343b);
INSERT INTO `site_sessions` (`id`, `ip_address`, `timestamp`, `data`) VALUES('39a4e4e61720e41868da835c433bfbf933d69d70', '126.114.211.185', 1489083270, 0x5f5f63695f6c6173745f726567656e65726174657c693a313438393038333235323b6f617574685f746f6b656e7c733a32373a224754377749774141414141417a4c7351414141425772517072784d223b6f617574685f746f6b656e5f7365637265747c733a33323a225268496b61644b31536347646977317035374f4b50495578657a684a7632354d223b6163636573735f746f6b656e7c613a353a7b733a31313a226f617574685f746f6b656e223b733a35303a22343230363933323833342d34546f4b52486764344c4673555a3674414d4355457754346f4f654a4863475246686c48787837223b733a31383a226f617574685f746f6b656e5f736563726574223b733a34353a22377863733251556767384b7356743852455259645853447076426b39684475667a763873676d62413249657944223b733a373a22757365725f6964223b733a31303a2234323036393332383334223b733a31313a2273637265656e5f6e616d65223b733a373a22617361696b6f36223b733a31343a22785f617574685f65787069726573223b733a313a2230223b7d757365725f69647c733a313a2234223b747769747465725f7072696d6172795f69647c693a343230363933323833343b);
INSERT INTO `site_sessions` (`id`, `ip_address`, `timestamp`, `data`) VALUES('3a31c4879fda893e2ab2883d419fb27cd43029b3', '126.15.124.3', 1489178448, 0x5f5f63695f6c6173745f726567656e65726174657c693a313438393137383434373b6f617574685f746f6b656e7c733a32373a227437356853674141414141417a4c735141414142577253504e5a4d223b6f617574685f746f6b656e5f7365637265747c733a33323a22704162624c79676449576565746b577478683577683970636b5a4b365162527a223b6163636573735f746f6b656e7c613a353a7b733a31313a226f617574685f746f6b656e223b733a35303a223833313033343431393730333939363431362d3737634c7a5766654f5a6a46696b61626846734558564a4853414546616e76223b733a31383a226f617574685f746f6b656e5f736563726574223b733a34353a22505061544c416b62695853625950366b6c303368414a62626d6b684673556c555866464e675751666d79583874223b733a373a22757365725f6964223b733a31383a22383331303334343139373033393936343136223b733a31313a2273637265656e5f6e616d65223b733a393a2274657874726f6f6f6d223b733a31343a22785f617574685f65787069726573223b733a313a2230223b7d757365725f69647c733a313a2231223b747769747465725f7072696d6172795f69647c693a3833313033343431393730333939363431363b);
INSERT INTO `site_sessions` (`id`, `ip_address`, `timestamp`, `data`) VALUES('3b4f550f6544479fc29b05c8c6e181c4275faa71', '126.126.184.104', 1489157308, 0x5f5f63695f6c6173745f726567656e65726174657c693a313438393135353735303b6f617574685f746f6b656e7c733a32373a22544c366b71514141414141417a4c7351414141425772695a656751223b6f617574685f746f6b656e5f7365637265747c733a33323a2239437254753159324c4a666873456864786b313351506f725770764b78756733223b6163636573735f746f6b656e7c613a353a7b733a31313a226f617574685f746f6b656e223b733a35303a22343230363933323833342d34546f4b52486764344c4673555a3674414d4355457754346f4f654a4863475246686c48787837223b733a31383a226f617574685f746f6b656e5f736563726574223b733a34353a22377863733251556767384b7356743852455259645853447076426b39684475667a763873676d62413249657944223b733a373a22757365725f6964223b733a31303a2234323036393332383334223b733a31313a2273637265656e5f6e616d65223b733a373a22617361696b6f36223b733a31343a22785f617574685f65787069726573223b733a313a2230223b7d757365725f69647c733a313a2234223b747769747465725f7072696d6172795f69647c693a343230363933323833343b);
INSERT INTO `site_sessions` (`id`, `ip_address`, `timestamp`, `data`) VALUES('3dd4fd28da6b01117ece15a5eecca2e502451518', '126.114.211.185', 1489084801, 0x5f5f63695f6c6173745f726567656e65726174657c693a313438393038343737373b6f617574685f746f6b656e7c733a32373a224754377749774141414141417a4c7351414141425772517072784d223b6f617574685f746f6b656e5f7365637265747c733a33323a225268496b61644b31536347646977317035374f4b50495578657a684a7632354d223b6163636573735f746f6b656e7c613a353a7b733a31313a226f617574685f746f6b656e223b733a35303a22343230363933323833342d34546f4b52486764344c4673555a3674414d4355457754346f4f654a4863475246686c48787837223b733a31383a226f617574685f746f6b656e5f736563726574223b733a34353a22377863733251556767384b7356743852455259645853447076426b39684475667a763873676d62413249657944223b733a373a22757365725f6964223b733a31303a2234323036393332383334223b733a31313a2273637265656e5f6e616d65223b733a373a22617361696b6f36223b733a31343a22785f617574685f65787069726573223b733a313a2230223b7d757365725f69647c733a313a2234223b747769747465725f7072696d6172795f69647c693a343230363933323833343b);
INSERT INTO `site_sessions` (`id`, `ip_address`, `timestamp`, `data`) VALUES('4482d4227a5c02b5337ec5170133539c8ce42a6a', '126.7.197.134', 1489702781, 0x72656469726563747c733a32303a22687474703a2f2f74657874726f6f6d2e6e65742f223b6f617574685f746f6b656e7c733a32373a226969445549674141414141417a4c73514141414257746b3067584d223b6f617574685f746f6b656e5f7365637265747c733a33323a225633364251674368554463384c34654453756554495630346c535a3261385166223b);
INSERT INTO `site_sessions` (`id`, `ip_address`, `timestamp`, `data`) VALUES('466e4d9e4e540bef1e9198c66d34dd43235452f2', '126.7.197.134', 1489370868, 0x5f5f63695f6c6173745f726567656e65726174657c693a313438393337303830353b6f617574685f746f6b656e7c733a32373a224339766261414141414141417a4c735141414142577356514f4f45223b6f617574685f746f6b656e5f7365637265747c733a33323a223245683074354f714f383834694645636153777550554e614572486665784c76223b6163636573735f746f6b656e7c613a353a7b733a31313a226f617574685f746f6b656e223b733a35303a22333431323936363730302d584f3567514c6b737035546f347834524f4e4432535142744f497a786d6d39526262394b757933223b733a31383a226f617574685f746f6b656e5f736563726574223b733a34353a2277743748463263505969395a694e78325a565a7677396247495542737074384c33755045655562384246367736223b733a373a22757365725f6964223b733a31303a2233343132393636373030223b733a31313a2273637265656e5f6e616d65223b733a31323a226b61737368696d6173686930223b733a31343a22785f617574685f65787069726573223b733a313a2230223b7d757365725f69647c733a313a2236223b747769747465725f7072696d6172795f69647c693a333431323936363730303b);
INSERT INTO `site_sessions` (`id`, `ip_address`, `timestamp`, `data`) VALUES('48d47187133381ca4f0083282f322b461f761cd0', '126.15.124.3', 1489259807, 0x5f5f63695f6c6173745f726567656e65726174657c693a313438393235393730373b6f617574685f746f6b656e7c733a32373a22446f564f79674141414141417a4c735141414142577236736c6b59223b6f617574685f746f6b656e5f7365637265747c733a33323a226c6a52725137644a6e4a657a464e47446354517376686a5075395243514b424b223b6163636573735f746f6b656e7c613a353a7b733a31313a226f617574685f746f6b656e223b733a35303a22343230363933323833342d34546f4b52486764344c4673555a3674414d4355457754346f4f654a4863475246686c48787837223b733a31383a226f617574685f746f6b656e5f736563726574223b733a34353a22377863733251556767384b7356743852455259645853447076426b39684475667a763873676d62413249657944223b733a373a22757365725f6964223b733a31303a2234323036393332383334223b733a31313a2273637265656e5f6e616d65223b733a373a22617361696b6f36223b733a31343a22785f617574685f65787069726573223b733a313a2230223b7d757365725f69647c733a313a2234223b747769747465725f7072696d6172795f69647c693a343230363933323833343b);
INSERT INTO `site_sessions` (`id`, `ip_address`, `timestamp`, `data`) VALUES('49d5e59811a5cf60540c91b2a8d3f2345a95c87c', '126.15.124.3', 1489337101, 0x5f5f63695f6c6173745f726567656e65726174657c693a313438393333363733353b6f617574685f746f6b656e7c733a32373a226432693761414141414141417a4c73514141414257734c4e424241223b6f617574685f746f6b656e5f7365637265747c733a33323a22364157767774544a7468594c6f4e4f5867783467714c565a675a5058484d496b223b6163636573735f746f6b656e7c613a353a7b733a31313a226f617574685f746f6b656e223b733a35303a223833313033343431393730333939363431362d3737634c7a5766654f5a6a46696b61626846734558564a4853414546616e76223b733a31383a226f617574685f746f6b656e5f736563726574223b733a34353a22505061544c416b62695853625950366b6c303368414a62626d6b684673556c555866464e675751666d79583874223b733a373a22757365725f6964223b733a31383a22383331303334343139373033393936343136223b733a31313a2273637265656e5f6e616d65223b733a393a2274657874726f6f6f6d223b733a31343a22785f617574685f65787069726573223b733a313a2230223b7d757365725f69647c733a313a2231223b747769747465725f7072696d6172795f69647c693a3833313033343431393730333939363431363b);
INSERT INTO `site_sessions` (`id`, `ip_address`, `timestamp`, `data`) VALUES('4c4ae8e24d48632dd1b36d98edc45b78b37cd9f8', '126.7.197.134', 1489370468, 0x5f5f63695f6c6173745f726567656e65726174657c693a313438393336393639313b6f617574685f746f6b656e7c733a32373a224339766261414141414141417a4c735141414142577356514f4f45223b6f617574685f746f6b656e5f7365637265747c733a33323a223245683074354f714f383834694645636153777550554e614572486665784c76223b6163636573735f746f6b656e7c613a353a7b733a31313a226f617574685f746f6b656e223b733a35303a22333431323936363730302d584f3567514c6b737035546f347834524f4e4432535142744f497a786d6d39526262394b757933223b733a31383a226f617574685f746f6b656e5f736563726574223b733a34353a2277743748463263505969395a694e78325a565a7677396247495542737074384c33755045655562384246367736223b733a373a22757365725f6964223b733a31303a2233343132393636373030223b733a31313a2273637265656e5f6e616d65223b733a31323a226b61737368696d6173686930223b733a31343a22785f617574685f65787069726573223b733a313a2230223b7d757365725f69647c733a313a2236223b747769747465725f7072696d6172795f69647c693a333431323936363730303b);
INSERT INTO `site_sessions` (`id`, `ip_address`, `timestamp`, `data`) VALUES('53320129e86ca2c35ceb911ee679eafcf377c3fe', '126.7.197.134', 1489424933, 0x5f5f63695f6c6173745f726567656e65726174657c693a313438393432343932393b6f617574685f746f6b656e7c733a32373a226c522d774b414141414141417a4c7351414141425773696b315730223b6f617574685f746f6b656e5f7365637265747c733a33323a2231513131535a6d39554d42674a794c395a385167717a75487a61417733756268223b6163636573735f746f6b656e7c613a353a7b733a31313a226f617574685f746f6b656e223b733a35303a223833313033343431393730333939363431362d3737634c7a5766654f5a6a46696b61626846734558564a4853414546616e76223b733a31383a226f617574685f746f6b656e5f736563726574223b733a34353a22505061544c416b62695853625950366b6c303368414a62626d6b684673556c555866464e675751666d79583874223b733a373a22757365725f6964223b733a31383a22383331303334343139373033393936343136223b733a31313a2273637265656e5f6e616d65223b733a393a2274657874726f6f6f6d223b733a31343a22785f617574685f65787069726573223b733a313a2230223b7d757365725f69647c733a313a2231223b747769747465725f7072696d6172795f69647c693a3833313033343431393730333939363431363b);
INSERT INTO `site_sessions` (`id`, `ip_address`, `timestamp`, `data`) VALUES('53cce68dde33eb074dd2ace2c974409bc6f565f3', '126.114.211.185', 1489091930, 0x5f5f63695f6c6173745f726567656e65726174657c693a313438393039313535343b6f617574685f746f6b656e7c733a32373a224750487545414141414141417a4c7351414141425772532d533377223b6f617574685f746f6b656e5f7365637265747c733a33323a22544972674b456b466551544f324652333374307949485874626963783865764f223b6163636573735f746f6b656e7c613a353a7b733a31313a226f617574685f746f6b656e223b733a35303a22343230363933323833342d34546f4b52486764344c4673555a3674414d4355457754346f4f654a4863475246686c48787837223b733a31383a226f617574685f746f6b656e5f736563726574223b733a34353a22377863733251556767384b7356743852455259645853447076426b39684475667a763873676d62413249657944223b733a373a22757365725f6964223b733a31303a2234323036393332383334223b733a31313a2273637265656e5f6e616d65223b733a373a22617361696b6f36223b733a31343a22785f617574685f65787069726573223b733a313a2230223b7d757365725f69647c733a313a2234223b747769747465725f7072696d6172795f69647c693a343230363933323833343b);
INSERT INTO `site_sessions` (`id`, `ip_address`, `timestamp`, `data`) VALUES('57e8ed29ef445119e9e9663aec03d64a0d684729', '126.15.124.3', 1489337106, 0x5f5f63695f6c6173745f726567656e65726174657c693a313438393333373130333b6f617574685f746f6b656e7c733a32373a226432693761414141414141417a4c73514141414257734c4e424241223b6f617574685f746f6b656e5f7365637265747c733a33323a22364157767774544a7468594c6f4e4f5867783467714c565a675a5058484d496b223b6163636573735f746f6b656e7c613a353a7b733a31313a226f617574685f746f6b656e223b733a35303a223833313033343431393730333939363431362d3737634c7a5766654f5a6a46696b61626846734558564a4853414546616e76223b733a31383a226f617574685f746f6b656e5f736563726574223b733a34353a22505061544c416b62695853625950366b6c303368414a62626d6b684673556c555866464e675751666d79583874223b733a373a22757365725f6964223b733a31383a22383331303334343139373033393936343136223b733a31313a2273637265656e5f6e616d65223b733a393a2274657874726f6f6f6d223b733a31343a22785f617574685f65787069726573223b733a313a2230223b7d757365725f69647c733a313a2231223b747769747465725f7072696d6172795f69647c693a3833313033343431393730333939363431363b);
INSERT INTO `site_sessions` (`id`, `ip_address`, `timestamp`, `data`) VALUES('588fc7c27fd7b29665b65aadae81b515b4669709', '126.114.211.185', 1489085364, 0x5f5f63695f6c6173745f726567656e65726174657c693a313438393038353336313b6f617574685f746f6b656e7c733a32373a224754377749774141414141417a4c7351414141425772517072784d223b6f617574685f746f6b656e5f7365637265747c733a33323a225268496b61644b31536347646977317035374f4b50495578657a684a7632354d223b6163636573735f746f6b656e7c613a353a7b733a31313a226f617574685f746f6b656e223b733a35303a22343230363933323833342d34546f4b52486764344c4673555a3674414d4355457754346f4f654a4863475246686c48787837223b733a31383a226f617574685f746f6b656e5f736563726574223b733a34353a22377863733251556767384b7356743852455259645853447076426b39684475667a763873676d62413249657944223b733a373a22757365725f6964223b733a31303a2234323036393332383334223b733a31313a2273637265656e5f6e616d65223b733a373a22617361696b6f36223b733a31343a22785f617574685f65787069726573223b733a313a2230223b7d757365725f69647c733a313a2234223b747769747465725f7072696d6172795f69647c693a343230363933323833343b);
INSERT INTO `site_sessions` (`id`, `ip_address`, `timestamp`, `data`) VALUES('5af47f6338b70e3dcbb59a6b7327c2d3b4709431', '126.126.184.104', 1489158657, 0x5f5f63695f6c6173745f726567656e65726174657c693a313438393135383430393b6f617574685f746f6b656e7c733a32373a2279644d6749514141414141417a4c73514141414257726933464b67223b6f617574685f746f6b656e5f7365637265747c733a33323a2268675479717172397452507434324c6d636e56676553753945687051754c7a6a223b6163636573735f746f6b656e7c613a353a7b733a31313a226f617574685f746f6b656e223b733a35303a22333339353532353839342d4a71415877424576565742473956576a57304c504b32677071744e4b6d6d455a615551634b4879223b733a31383a226f617574685f746f6b656e5f736563726574223b733a34353a2248617262776c6b673434636f7a4b626976796a366a6c4648673042337532386b65596c426e54636e5253624962223b733a373a22757365725f6964223b733a31303a2233333935353235383934223b733a31313a2273637265656e5f6e616d65223b733a393a226d6172626c65333332223b733a31343a22785f617574685f65787069726573223b733a313a2230223b7d757365725f69647c733a313a2238223b747769747465725f7072696d6172795f69647c693a333339353532353839343b);
INSERT INTO `site_sessions` (`id`, `ip_address`, `timestamp`, `data`) VALUES('5f4bdf414beb8645a251551357455986ebe6f35f', '126.15.124.3', 1489329768, 0x5f5f63695f6c6173745f726567656e65726174657c693a313438393332393636323b6f617574685f746f6b656e7c733a32373a226432693761414141414141417a4c73514141414257734c4e424241223b6f617574685f746f6b656e5f7365637265747c733a33323a22364157767774544a7468594c6f4e4f5867783467714c565a675a5058484d496b223b6163636573735f746f6b656e7c613a353a7b733a31313a226f617574685f746f6b656e223b733a35303a223833313033343431393730333939363431362d3737634c7a5766654f5a6a46696b61626846734558564a4853414546616e76223b733a31383a226f617574685f746f6b656e5f736563726574223b733a34353a22505061544c416b62695853625950366b6c303368414a62626d6b684673556c555866464e675751666d79583874223b733a373a22757365725f6964223b733a31383a22383331303334343139373033393936343136223b733a31313a2273637265656e5f6e616d65223b733a393a2274657874726f6f6f6d223b733a31343a22785f617574685f65787069726573223b733a313a2230223b7d757365725f69647c733a313a2231223b747769747465725f7072696d6172795f69647c693a3833313033343431393730333939363431363b);
INSERT INTO `site_sessions` (`id`, `ip_address`, `timestamp`, `data`) VALUES('60f5f292a4bfc023caa41e0b2f84a6fae56b0f73', '126.7.197.134', 1489372851, 0x5f5f63695f6c6173745f726567656e65726174657c693a313438393337323430333b6f617574685f746f6b656e7c733a32373a22574975644e674141414141417a4c73514141414257735675587a30223b6f617574685f746f6b656e5f7365637265747c733a33323a224d67466d633752326b57584661446262685432626151357a425655426654434d223b6163636573735f746f6b656e7c613a353a7b733a31313a226f617574685f746f6b656e223b733a35303a22343230363933323833342d34546f4b52486764344c4673555a3674414d4355457754346f4f654a4863475246686c48787837223b733a31383a226f617574685f746f6b656e5f736563726574223b733a34353a22377863733251556767384b7356743852455259645853447076426b39684475667a763873676d62413249657944223b733a373a22757365725f6964223b733a31303a2234323036393332383334223b733a31313a2273637265656e5f6e616d65223b733a373a22617361696b6f36223b733a31343a22785f617574685f65787069726573223b733a313a2230223b7d757365725f69647c733a313a2234223b747769747465725f7072696d6172795f69647c693a343230363933323833343b);
INSERT INTO `site_sessions` (`id`, `ip_address`, `timestamp`, `data`) VALUES('634865b5bb7338dc92259078e5aa1083ed009249', '126.7.197.134', 1489702896, 0x6f617574685f746f6b656e7c733a32373a225865393679514141414141417a4c73514141414257746b324f7938223b6f617574685f746f6b656e5f7365637265747c733a33323a226172504d3633337272346d55624f6b6856616e494d3944443750617054377645223b6163636573735f746f6b656e7c613a353a7b733a31313a226f617574685f746f6b656e223b733a35303a22333932313830333437332d635438776462454a4f55424e565a335941716d46353736514465333261366e77684466676a3061223b733a31383a226f617574685f746f6b656e5f736563726574223b733a34353a226e447879677673314c4f375854683558495a774731557776516e47746b526e5567735936527a7435504f783937223b733a373a22757365725f6964223b733a31303a2233393231383033343733223b733a31313a2273637265656e5f6e616d65223b733a393a22736173756761646130223b733a31343a22785f617574685f65787069726573223b733a313a2230223b7d757365725f69647c733a313a2237223b747769747465725f7072696d6172795f69647c693a333932313830333437333b);
INSERT INTO `site_sessions` (`id`, `ip_address`, `timestamp`, `data`) VALUES('640c9e7d9c3b69e426146f91877d896aae18d84b', '126.15.124.3', 1489207868, 0x5f5f63695f6c6173745f726567656e65726174657c693a313438393230373832393b6f617574685f746f6b656e7c733a32373a227056683670674141414141417a4c73514141414257727435464145223b6f617574685f746f6b656e5f7365637265747c733a33323a22646379576944386150746662425839737779697a745956756d793861324b6d4e223b6163636573735f746f6b656e7c613a353a7b733a31313a226f617574685f746f6b656e223b733a35303a22343230363933323833342d34546f4b52486764344c4673555a3674414d4355457754346f4f654a4863475246686c48787837223b733a31383a226f617574685f746f6b656e5f736563726574223b733a34353a22377863733251556767384b7356743852455259645853447076426b39684475667a763873676d62413249657944223b733a373a22757365725f6964223b733a31303a2234323036393332383334223b733a31313a2273637265656e5f6e616d65223b733a373a22617361696b6f36223b733a31343a22785f617574685f65787069726573223b733a313a2230223b7d757365725f69647c733a313a2234223b747769747465725f7072696d6172795f69647c693a343230363933323833343b);
INSERT INTO `site_sessions` (`id`, `ip_address`, `timestamp`, `data`) VALUES('64fa42a966e3d3b3fee559a42ea02ebf60457a58', '126.15.124.3', 1489175600, 0x5f5f63695f6c6173745f726567656e65726174657c693a313438393137353539383b6f617574685f746f6b656e7c733a32373a227437356853674141414141417a4c735141414142577253504e5a4d223b6f617574685f746f6b656e5f7365637265747c733a33323a22704162624c79676449576565746b577478683577683970636b5a4b365162527a223b6163636573735f746f6b656e7c613a353a7b733a31313a226f617574685f746f6b656e223b733a35303a223833313033343431393730333939363431362d3737634c7a5766654f5a6a46696b61626846734558564a4853414546616e76223b733a31383a226f617574685f746f6b656e5f736563726574223b733a34353a22505061544c416b62695853625950366b6c303368414a62626d6b684673556c555866464e675751666d79583874223b733a373a22757365725f6964223b733a31383a22383331303334343139373033393936343136223b733a31313a2273637265656e5f6e616d65223b733a393a2274657874726f6f6f6d223b733a31343a22785f617574685f65787069726573223b733a313a2230223b7d757365725f69647c733a313a2231223b747769747465725f7072696d6172795f69647c693a3833313033343431393730333939363431363b);
INSERT INTO `site_sessions` (`id`, `ip_address`, `timestamp`, `data`) VALUES('67af7c1a7bc30ef8bee6649e4950aef30036d576', '126.7.197.134', 1489702967, 0x6f617574685f746f6b656e7c733a32373a2241616e4279414141414141417a4c73514141414257746b33516a34223b6f617574685f746f6b656e5f7365637265747c733a33323a22545945786e30305062586b5343724e4e464d4d346b426f5065594f334c614632223b6163636573735f746f6b656e7c613a353a7b733a31313a226f617574685f746f6b656e223b733a35303a22333530373337363034352d313243704b4657424c5943376f443946594a6e743355466274794b52736a4a6f59363274306d39223b733a31383a226f617574685f746f6b656e5f736563726574223b733a34353a227a61766c7777574a6c516444754a4f38576252665030506b437159366a476d6e584e6444624b494d364f777276223b733a373a22757365725f6964223b733a31303a2233353037333736303435223b733a31313a2273637265656e5f6e616d65223b733a393a227461726f7375303933223b733a31343a22785f617574685f65787069726573223b733a313a2230223b7d757365725f69647c733a313a2233223b747769747465725f7072696d6172795f69647c693a333530373337363034353b);
INSERT INTO `site_sessions` (`id`, `ip_address`, `timestamp`, `data`) VALUES('67db602af8b19b17f51dc1c845d47dad7d6708c9', '126.114.211.185', 1489093743, 0x5f5f63695f6c6173745f726567656e65726174657c693a313438393039333532343b6f617574685f746f6b656e7c733a32373a224750487545414141414141417a4c7351414141425772532d533377223b6f617574685f746f6b656e5f7365637265747c733a33323a22544972674b456b466551544f324652333374307949485874626963783865764f223b6163636573735f746f6b656e7c613a353a7b733a31313a226f617574685f746f6b656e223b733a35303a22343230363933323833342d34546f4b52486764344c4673555a3674414d4355457754346f4f654a4863475246686c48787837223b733a31383a226f617574685f746f6b656e5f736563726574223b733a34353a22377863733251556767384b7356743852455259645853447076426b39684475667a763873676d62413249657944223b733a373a22757365725f6964223b733a31303a2234323036393332383334223b733a31313a2273637265656e5f6e616d65223b733a373a22617361696b6f36223b733a31343a22785f617574685f65787069726573223b733a313a2230223b7d757365725f69647c733a313a2234223b747769747465725f7072696d6172795f69647c693a343230363933323833343b);
INSERT INTO `site_sessions` (`id`, `ip_address`, `timestamp`, `data`) VALUES('6ca6837cbc41df15e92816a81403b217e609f655', '126.15.124.3', 1489343910, 0x5f5f63695f6c6173745f726567656e65726174657c693a313438393334333930363b6f617574685f746f6b656e7c733a32373a226432693761414141414141417a4c73514141414257734c4e424241223b6f617574685f746f6b656e5f7365637265747c733a33323a22364157767774544a7468594c6f4e4f5867783467714c565a675a5058484d496b223b6163636573735f746f6b656e7c613a353a7b733a31313a226f617574685f746f6b656e223b733a35303a223833313033343431393730333939363431362d3737634c7a5766654f5a6a46696b61626846734558564a4853414546616e76223b733a31383a226f617574685f746f6b656e5f736563726574223b733a34353a22505061544c416b62695853625950366b6c303368414a62626d6b684673556c555866464e675751666d79583874223b733a373a22757365725f6964223b733a31383a22383331303334343139373033393936343136223b733a31313a2273637265656e5f6e616d65223b733a393a2274657874726f6f6f6d223b733a31343a22785f617574685f65787069726573223b733a313a2230223b7d757365725f69647c733a313a2231223b747769747465725f7072696d6172795f69647c693a3833313033343431393730333939363431363b);
INSERT INTO `site_sessions` (`id`, `ip_address`, `timestamp`, `data`) VALUES('6ebb6abae0d8b46069aa6b4e963e09a24c8778da', '126.7.197.134', 1489376543, 0x5f5f63695f6c6173745f726567656e65726174657c693a313438393337323836343b6f617574685f746f6b656e7c733a32373a22574975644e674141414141417a4c73514141414257735675587a30223b6f617574685f746f6b656e5f7365637265747c733a33323a224d67466d633752326b57584661446262685432626151357a425655426654434d223b6163636573735f746f6b656e7c613a353a7b733a31313a226f617574685f746f6b656e223b733a35303a22343230363933323833342d34546f4b52486764344c4673555a3674414d4355457754346f4f654a4863475246686c48787837223b733a31383a226f617574685f746f6b656e5f736563726574223b733a34353a22377863733251556767384b7356743852455259645853447076426b39684475667a763873676d62413249657944223b733a373a22757365725f6964223b733a31303a2234323036393332383334223b733a31313a2273637265656e5f6e616d65223b733a373a22617361696b6f36223b733a31343a22785f617574685f65787069726573223b733a313a2230223b7d757365725f69647c733a313a2234223b747769747465725f7072696d6172795f69647c693a343230363933323833343b);
INSERT INTO `site_sessions` (`id`, `ip_address`, `timestamp`, `data`) VALUES('72b4120bcdb2509ec2c9c5e886b344d79bfee42d', '126.15.124.3', 1489181958, 0x5f5f63695f6c6173745f726567656e65726174657c693a313438393138313639363b6f617574685f746f6b656e7c733a32373a227437356853674141414141417a4c735141414142577253504e5a4d223b6f617574685f746f6b656e5f7365637265747c733a33323a22704162624c79676449576565746b577478683577683970636b5a4b365162527a223b6163636573735f746f6b656e7c613a353a7b733a31313a226f617574685f746f6b656e223b733a35303a223833313033343431393730333939363431362d3737634c7a5766654f5a6a46696b61626846734558564a4853414546616e76223b733a31383a226f617574685f746f6b656e5f736563726574223b733a34353a22505061544c416b62695853625950366b6c303368414a62626d6b684673556c555866464e675751666d79583874223b733a373a22757365725f6964223b733a31383a22383331303334343139373033393936343136223b733a31313a2273637265656e5f6e616d65223b733a393a2274657874726f6f6f6d223b733a31343a22785f617574685f65787069726573223b733a313a2230223b7d757365725f69647c733a313a2231223b747769747465725f7072696d6172795f69647c693a3833313033343431393730333939363431363b);
INSERT INTO `site_sessions` (`id`, `ip_address`, `timestamp`, `data`) VALUES('757ad6128b0d5def3f433cf6ac9aa62abbae6d7d', '126.15.124.3', 1489179847, 0x5f5f63695f6c6173745f726567656e65726174657c693a313438393137393834373b6f617574685f746f6b656e7c733a32373a227437356853674141414141417a4c735141414142577253504e5a4d223b6f617574685f746f6b656e5f7365637265747c733a33323a22704162624c79676449576565746b577478683577683970636b5a4b365162527a223b6163636573735f746f6b656e7c613a353a7b733a31313a226f617574685f746f6b656e223b733a35303a223833313033343431393730333939363431362d3737634c7a5766654f5a6a46696b61626846734558564a4853414546616e76223b733a31383a226f617574685f746f6b656e5f736563726574223b733a34353a22505061544c416b62695853625950366b6c303368414a62626d6b684673556c555866464e675751666d79583874223b733a373a22757365725f6964223b733a31383a22383331303334343139373033393936343136223b733a31313a2273637265656e5f6e616d65223b733a393a2274657874726f6f6f6d223b733a31343a22785f617574685f65787069726573223b733a313a2230223b7d757365725f69647c733a313a2231223b747769747465725f7072696d6172795f69647c693a3833313033343431393730333939363431363b);
INSERT INTO `site_sessions` (`id`, `ip_address`, `timestamp`, `data`) VALUES('7b72f0c7b28a72470e1afae1fc05fdc36f14ec17', '126.126.184.104', 1489157763, 0x5f5f63695f6c6173745f726567656e65726174657c693a313438393135373639303b6f617574685f746f6b656e7c733a32373a2279644d6749514141414141417a4c73514141414257726933464b67223b6f617574685f746f6b656e5f7365637265747c733a33323a2268675479717172397452507434324c6d636e56676553753945687051754c7a6a223b6163636573735f746f6b656e7c613a353a7b733a31313a226f617574685f746f6b656e223b733a35303a22333339353532353839342d4a71415877424576565742473956576a57304c504b32677071744e4b6d6d455a615551634b4879223b733a31383a226f617574685f746f6b656e5f736563726574223b733a34353a2248617262776c6b673434636f7a4b626976796a366a6c4648673042337532386b65596c426e54636e5253624962223b733a373a22757365725f6964223b733a31303a2233333935353235383934223b733a31313a2273637265656e5f6e616d65223b733a393a226d6172626c65333332223b733a31343a22785f617574685f65787069726573223b733a313a2230223b7d757365725f69647c733a313a2238223b747769747465725f7072696d6172795f69647c693a333339353532353839343b);
INSERT INTO `site_sessions` (`id`, `ip_address`, `timestamp`, `data`) VALUES('7ccc7451b45260403799319fbf8007888fcb14fb', '126.15.124.3', 1489215901, 0x5f5f63695f6c6173745f726567656e65726174657c693a313438393231353839333b6f617574685f746f6b656e7c733a32373a227056683670674141414141417a4c73514141414257727435464145223b6f617574685f746f6b656e5f7365637265747c733a33323a22646379576944386150746662425839737779697a745956756d793861324b6d4e223b6163636573735f746f6b656e7c613a353a7b733a31313a226f617574685f746f6b656e223b733a35303a22343230363933323833342d34546f4b52486764344c4673555a3674414d4355457754346f4f654a4863475246686c48787837223b733a31383a226f617574685f746f6b656e5f736563726574223b733a34353a22377863733251556767384b7356743852455259645853447076426b39684475667a763873676d62413249657944223b733a373a22757365725f6964223b733a31303a2234323036393332383334223b733a31313a2273637265656e5f6e616d65223b733a373a22617361696b6f36223b733a31343a22785f617574685f65787069726573223b733a313a2230223b7d757365725f69647c733a313a2234223b747769747465725f7072696d6172795f69647c693a343230363933323833343b);
INSERT INTO `site_sessions` (`id`, `ip_address`, `timestamp`, `data`) VALUES('7d70fcaef72e193cddc00269b253264402e12fb0', '126.15.124.3', 1489218104, 0x5f5f63695f6c6173745f726567656e65726174657c693a313438393231383130343b6f617574685f746f6b656e7c733a32373a227056683670674141414141417a4c73514141414257727435464145223b6f617574685f746f6b656e5f7365637265747c733a33323a22646379576944386150746662425839737779697a745956756d793861324b6d4e223b6163636573735f746f6b656e7c613a353a7b733a31313a226f617574685f746f6b656e223b733a35303a22343230363933323833342d34546f4b52486764344c4673555a3674414d4355457754346f4f654a4863475246686c48787837223b733a31383a226f617574685f746f6b656e5f736563726574223b733a34353a22377863733251556767384b7356743852455259645853447076426b39684475667a763873676d62413249657944223b733a373a22757365725f6964223b733a31303a2234323036393332383334223b733a31313a2273637265656e5f6e616d65223b733a373a22617361696b6f36223b733a31343a22785f617574685f65787069726573223b733a313a2230223b7d757365725f69647c733a313a2234223b747769747465725f7072696d6172795f69647c693a343230363933323833343b);
INSERT INTO `site_sessions` (`id`, `ip_address`, `timestamp`, `data`) VALUES('7debd6810711bbdd7c5d92fa175b32998feaf3be', '126.15.124.3', 1489219262, 0x5f5f63695f6c6173745f726567656e65726174657c693a313438393231393235383b6f617574685f746f6b656e7c733a32373a227056683670674141414141417a4c73514141414257727435464145223b6f617574685f746f6b656e5f7365637265747c733a33323a22646379576944386150746662425839737779697a745956756d793861324b6d4e223b6163636573735f746f6b656e7c613a353a7b733a31313a226f617574685f746f6b656e223b733a35303a22343230363933323833342d34546f4b52486764344c4673555a3674414d4355457754346f4f654a4863475246686c48787837223b733a31383a226f617574685f746f6b656e5f736563726574223b733a34353a22377863733251556767384b7356743852455259645853447076426b39684475667a763873676d62413249657944223b733a373a22757365725f6964223b733a31303a2234323036393332383334223b733a31313a2273637265656e5f6e616d65223b733a373a22617361696b6f36223b733a31343a22785f617574685f65787069726573223b733a313a2230223b7d757365725f69647c733a313a2234223b747769747465725f7072696d6172795f69647c693a343230363933323833343b);
INSERT INTO `site_sessions` (`id`, `ip_address`, `timestamp`, `data`) VALUES('80c3420b14aa16dc098f21b15c291b8fe57b9c4c', '126.114.211.185', 1489091527, 0x5f5f63695f6c6173745f726567656e65726174657c693a313438393039303937383b6f617574685f746f6b656e7c733a32373a224750487545414141414141417a4c7351414141425772532d533377223b6f617574685f746f6b656e5f7365637265747c733a33323a22544972674b456b466551544f324652333374307949485874626963783865764f223b6163636573735f746f6b656e7c613a353a7b733a31313a226f617574685f746f6b656e223b733a35303a22343230363933323833342d34546f4b52486764344c4673555a3674414d4355457754346f4f654a4863475246686c48787837223b733a31383a226f617574685f746f6b656e5f736563726574223b733a34353a22377863733251556767384b7356743852455259645853447076426b39684475667a763873676d62413249657944223b733a373a22757365725f6964223b733a31303a2234323036393332383334223b733a31313a2273637265656e5f6e616d65223b733a373a22617361696b6f36223b733a31343a22785f617574685f65787069726573223b733a313a2230223b7d757365725f69647c733a313a2234223b747769747465725f7072696d6172795f69647c693a343230363933323833343b);
INSERT INTO `site_sessions` (`id`, `ip_address`, `timestamp`, `data`) VALUES('82cdd5ceaf2f8b081d15dcd5e8e135d4abbfc14a', '126.15.124.3', 1489330740, 0x5f5f63695f6c6173745f726567656e65726174657c693a313438393333303734303b6f617574685f746f6b656e7c733a32373a226432693761414141414141417a4c73514141414257734c4e424241223b6f617574685f746f6b656e5f7365637265747c733a33323a22364157767774544a7468594c6f4e4f5867783467714c565a675a5058484d496b223b6163636573735f746f6b656e7c613a353a7b733a31313a226f617574685f746f6b656e223b733a35303a223833313033343431393730333939363431362d3737634c7a5766654f5a6a46696b61626846734558564a4853414546616e76223b733a31383a226f617574685f746f6b656e5f736563726574223b733a34353a22505061544c416b62695853625950366b6c303368414a62626d6b684673556c555866464e675751666d79583874223b733a373a22757365725f6964223b733a31383a22383331303334343139373033393936343136223b733a31313a2273637265656e5f6e616d65223b733a393a2274657874726f6f6f6d223b733a31343a22785f617574685f65787069726573223b733a313a2230223b7d757365725f69647c733a313a2231223b747769747465725f7072696d6172795f69647c693a3833313033343431393730333939363431363b);
INSERT INTO `site_sessions` (`id`, `ip_address`, `timestamp`, `data`) VALUES('85d3729a6a96a458663c24ba7c83c71501306220', '126.15.124.3', 1489178776, 0x5f5f63695f6c6173745f726567656e65726174657c693a313438393137383736383b6f617574685f746f6b656e7c733a32373a227437356853674141414141417a4c735141414142577253504e5a4d223b6f617574685f746f6b656e5f7365637265747c733a33323a22704162624c79676449576565746b577478683577683970636b5a4b365162527a223b6163636573735f746f6b656e7c613a353a7b733a31313a226f617574685f746f6b656e223b733a35303a223833313033343431393730333939363431362d3737634c7a5766654f5a6a46696b61626846734558564a4853414546616e76223b733a31383a226f617574685f746f6b656e5f736563726574223b733a34353a22505061544c416b62695853625950366b6c303368414a62626d6b684673556c555866464e675751666d79583874223b733a373a22757365725f6964223b733a31383a22383331303334343139373033393936343136223b733a31313a2273637265656e5f6e616d65223b733a393a2274657874726f6f6f6d223b733a31343a22785f617574685f65787069726573223b733a313a2230223b7d757365725f69647c733a313a2231223b747769747465725f7072696d6172795f69647c693a3833313033343431393730333939363431363b);
INSERT INTO `site_sessions` (`id`, `ip_address`, `timestamp`, `data`) VALUES('8957dd930492ac0d7c03feeac6f48d63e4f14056', '126.114.211.185', 1489094501, 0x5f5f63695f6c6173745f726567656e65726174657c693a313438393039343339383b6f617574685f746f6b656e7c733a32373a224750487545414141414141417a4c7351414141425772532d533377223b6f617574685f746f6b656e5f7365637265747c733a33323a22544972674b456b466551544f324652333374307949485874626963783865764f223b6163636573735f746f6b656e7c613a353a7b733a31313a226f617574685f746f6b656e223b733a35303a22343230363933323833342d34546f4b52486764344c4673555a3674414d4355457754346f4f654a4863475246686c48787837223b733a31383a226f617574685f746f6b656e5f736563726574223b733a34353a22377863733251556767384b7356743852455259645853447076426b39684475667a763873676d62413249657944223b733a373a22757365725f6964223b733a31303a2234323036393332383334223b733a31313a2273637265656e5f6e616d65223b733a373a22617361696b6f36223b733a31343a22785f617574685f65787069726573223b733a313a2230223b7d757365725f69647c733a313a2234223b747769747465725f7072696d6172795f69647c693a343230363933323833343b);
INSERT INTO `site_sessions` (`id`, `ip_address`, `timestamp`, `data`) VALUES('8ba8fe79edf770f44d18466e0aba8e9877488e07', '126.15.124.3', 1489341542, 0x5f5f63695f6c6173745f726567656e65726174657c693a313438393334313530373b6f617574685f746f6b656e7c733a32373a226432693761414141414141417a4c73514141414257734c4e424241223b6f617574685f746f6b656e5f7365637265747c733a33323a22364157767774544a7468594c6f4e4f5867783467714c565a675a5058484d496b223b6163636573735f746f6b656e7c613a353a7b733a31313a226f617574685f746f6b656e223b733a35303a223833313033343431393730333939363431362d3737634c7a5766654f5a6a46696b61626846734558564a4853414546616e76223b733a31383a226f617574685f746f6b656e5f736563726574223b733a34353a22505061544c416b62695853625950366b6c303368414a62626d6b684673556c555866464e675751666d79583874223b733a373a22757365725f6964223b733a31383a22383331303334343139373033393936343136223b733a31313a2273637265656e5f6e616d65223b733a393a2274657874726f6f6f6d223b733a31343a22785f617574685f65787069726573223b733a313a2230223b7d757365725f69647c733a313a2231223b747769747465725f7072696d6172795f69647c693a3833313033343431393730333939363431363b);
INSERT INTO `site_sessions` (`id`, `ip_address`, `timestamp`, `data`) VALUES('8f6de1150ec64ac8b2e04820b8f4b7ee66025d72', '126.15.124.3', 1489176590, 0x5f5f63695f6c6173745f726567656e65726174657c693a313438393137363434333b6f617574685f746f6b656e7c733a32373a227437356853674141414141417a4c735141414142577253504e5a4d223b6f617574685f746f6b656e5f7365637265747c733a33323a22704162624c79676449576565746b577478683577683970636b5a4b365162527a223b6163636573735f746f6b656e7c613a353a7b733a31313a226f617574685f746f6b656e223b733a35303a223833313033343431393730333939363431362d3737634c7a5766654f5a6a46696b61626846734558564a4853414546616e76223b733a31383a226f617574685f746f6b656e5f736563726574223b733a34353a22505061544c416b62695853625950366b6c303368414a62626d6b684673556c555866464e675751666d79583874223b733a373a22757365725f6964223b733a31383a22383331303334343139373033393936343136223b733a31313a2273637265656e5f6e616d65223b733a393a2274657874726f6f6f6d223b733a31343a22785f617574685f65787069726573223b733a313a2230223b7d757365725f69647c733a313a2231223b747769747465725f7072696d6172795f69647c693a3833313033343431393730333939363431363b);
INSERT INTO `site_sessions` (`id`, `ip_address`, `timestamp`, `data`) VALUES('91b6e814c6e057280a3f44a3f85dadea19fe2461', '126.7.197.134', 1489702936, 0x6f617574685f746f6b656e7c733a32373a22346f49576e674141414141417a4c73514141414257746b32324f77223b6f617574685f746f6b656e5f7365637265747c733a33323a226c506b447a6e7172654a3034534969735a6f5941705a517563576d6e42424459223b6163636573735f746f6b656e7c613a353a7b733a31313a226f617574685f746f6b656e223b733a35303a22333532363133373932302d4a6664397a45376852346f62434b7770664954383361325945423971655a35777676614a504856223b733a31383a226f617574685f746f6b656e5f736563726574223b733a34353a226777793256325541416a724e7272564b4266797179316e737154583066466b6f6f35723543616a395256335130223b733a373a22757365725f6964223b733a31303a2233353236313337393230223b733a31313a2273637265656e5f6e616d65223b733a31323a22737573686973756b69353535223b733a31343a22785f617574685f65787069726573223b733a313a2230223b7d757365725f69647c733a313a2232223b747769747465725f7072696d6172795f69647c693a333532363133373932303b);
INSERT INTO `site_sessions` (`id`, `ip_address`, `timestamp`, `data`) VALUES('96c769f6b0538bd925d1960a41d220f2e0ff912a', '126.15.124.3', 1489170724, 0x5f5f63695f6c6173745f726567656e65726174657c693a313438393137303730303b6f617574685f746f6b656e7c733a32373a227437356853674141414141417a4c735141414142577253504e5a4d223b6f617574685f746f6b656e5f7365637265747c733a33323a22704162624c79676449576565746b577478683577683970636b5a4b365162527a223b6163636573735f746f6b656e7c613a353a7b733a31313a226f617574685f746f6b656e223b733a35303a223833313033343431393730333939363431362d3737634c7a5766654f5a6a46696b61626846734558564a4853414546616e76223b733a31383a226f617574685f746f6b656e5f736563726574223b733a34353a22505061544c416b62695853625950366b6c303368414a62626d6b684673556c555866464e675751666d79583874223b733a373a22757365725f6964223b733a31383a22383331303334343139373033393936343136223b733a31313a2273637265656e5f6e616d65223b733a393a2274657874726f6f6f6d223b733a31343a22785f617574685f65787069726573223b733a313a2230223b7d757365725f69647c733a313a2231223b747769747465725f7072696d6172795f69647c693a3833313033343431393730333939363431363b);
INSERT INTO `site_sessions` (`id`, `ip_address`, `timestamp`, `data`) VALUES('970505b76047624d7868d1ba25986905f6da41be', '126.7.197.134', 1489371336, 0x5f5f63695f6c6173745f726567656e65726174657c693a313438393337313333363b6f617574685f746f6b656e7c733a32373a22574975644e674141414141417a4c73514141414257735675587a30223b6f617574685f746f6b656e5f7365637265747c733a33323a224d67466d633752326b57584661446262685432626151357a425655426654434d223b6163636573735f746f6b656e7c613a353a7b733a31313a226f617574685f746f6b656e223b733a35303a22343230363933323833342d34546f4b52486764344c4673555a3674414d4355457754346f4f654a4863475246686c48787837223b733a31383a226f617574685f746f6b656e5f736563726574223b733a34353a22377863733251556767384b7356743852455259645853447076426b39684475667a763873676d62413249657944223b733a373a22757365725f6964223b733a31303a2234323036393332383334223b733a31313a2273637265656e5f6e616d65223b733a373a22617361696b6f36223b733a31343a22785f617574685f65787069726573223b733a313a2230223b7d757365725f69647c733a313a2234223b747769747465725f7072696d6172795f69647c693a343230363933323833343b);
INSERT INTO `site_sessions` (`id`, `ip_address`, `timestamp`, `data`) VALUES('97588a2723da432e0caff8c913daf2f0db13247e', '126.15.124.3', 1489180885, 0x5f5f63695f6c6173745f726567656e65726174657c693a313438393138303631323b6f617574685f746f6b656e7c733a32373a227437356853674141414141417a4c735141414142577253504e5a4d223b6f617574685f746f6b656e5f7365637265747c733a33323a22704162624c79676449576565746b577478683577683970636b5a4b365162527a223b6163636573735f746f6b656e7c613a353a7b733a31313a226f617574685f746f6b656e223b733a35303a223833313033343431393730333939363431362d3737634c7a5766654f5a6a46696b61626846734558564a4853414546616e76223b733a31383a226f617574685f746f6b656e5f736563726574223b733a34353a22505061544c416b62695853625950366b6c303368414a62626d6b684673556c555866464e675751666d79583874223b733a373a22757365725f6964223b733a31383a22383331303334343139373033393936343136223b733a31313a2273637265656e5f6e616d65223b733a393a2274657874726f6f6f6d223b733a31343a22785f617574685f65787069726573223b733a313a2230223b7d757365725f69647c733a313a2231223b747769747465725f7072696d6172795f69647c693a3833313033343431393730333939363431363b);
INSERT INTO `site_sessions` (`id`, `ip_address`, `timestamp`, `data`) VALUES('9d9affb64ca9141dd1ede9751729ba59241200f3', '126.15.124.3', 1489257759, 0x5f5f63695f6c6173745f726567656e65726174657c693a313438393235373636353b6f617574685f746f6b656e7c733a32373a22446f564f79674141414141417a4c735141414142577236736c6b59223b6f617574685f746f6b656e5f7365637265747c733a33323a226c6a52725137644a6e4a657a464e47446354517376686a5075395243514b424b223b6163636573735f746f6b656e7c613a353a7b733a31313a226f617574685f746f6b656e223b733a35303a22343230363933323833342d34546f4b52486764344c4673555a3674414d4355457754346f4f654a4863475246686c48787837223b733a31383a226f617574685f746f6b656e5f736563726574223b733a34353a22377863733251556767384b7356743852455259645853447076426b39684475667a763873676d62413249657944223b733a373a22757365725f6964223b733a31303a2234323036393332383334223b733a31313a2273637265656e5f6e616d65223b733a373a22617361696b6f36223b733a31343a22785f617574685f65787069726573223b733a313a2230223b7d757365725f69647c733a313a2234223b747769747465725f7072696d6172795f69647c693a343230363933323833343b);
INSERT INTO `site_sessions` (`id`, `ip_address`, `timestamp`, `data`) VALUES('9f4b2b4d46f365991874a452163ca2b2f23f8b49', '126.15.124.3', 1489165603, 0x5f5f63695f6c6173745f726567656e65726174657c693a313438393136353438353b6f617574685f746f6b656e7c733a32373a2264736b5158414141414141417a4c73514141414257726734556759223b6f617574685f746f6b656e5f7365637265747c733a33323a22556e506a787954794a4f5a6259773741596159635941566e4e6d343143726831223b6163636573735f746f6b656e7c613a353a7b733a31313a226f617574685f746f6b656e223b733a35303a22313535363231393934382d34514f7041564a4f474b46544f696d363174654b62473130615a303352576e484a6e674f435838223b733a31383a226f617574685f746f6b656e5f736563726574223b733a34353a22703446555356434a3841396c37394c725074376971676655494f53305a664b7a367a37484e5259623435385346223b733a373a22757365725f6964223b733a31303a2231353536323139393438223b733a31313a2273637265656e5f6e616d65223b733a373a226d753836373531223b733a31343a22785f617574685f65787069726573223b733a313a2230223b7d757365725f69647c733a313a2239223b747769747465725f7072696d6172795f69647c693a313535363231393934383b);
INSERT INTO `site_sessions` (`id`, `ip_address`, `timestamp`, `data`) VALUES('a02f13a73d3f02e480acc9b46cad75fc1efbc840', '126.7.197.134', 1489702875, 0x6f617574685f746f6b656e7c733a32373a225a6a784c72514141414141417a4c73514141414257746b31357530223b6f617574685f746f6b656e5f7365637265747c733a33323a22774a67624536355443473947496148704249414e31453737544262304d614470223b6163636573735f746f6b656e7c613a353a7b733a31313a226f617574685f746f6b656e223b733a35303a22313535363231393934382d34514f7041564a4f474b46544f696d363174654b62473130615a303352576e484a6e674f435838223b733a31383a226f617574685f746f6b656e5f736563726574223b733a34353a22703446555356434a3841396c37394c725074376971676655494f53305a664b7a367a37484e5259623435385346223b733a373a22757365725f6964223b733a31303a2231353536323139393438223b733a31313a2273637265656e5f6e616d65223b733a373a226d753836373531223b733a31343a22785f617574685f65787069726573223b733a313a2230223b7d757365725f69647c733a313a2239223b747769747465725f7072696d6172795f69647c693a313535363231393934383b);
INSERT INTO `site_sessions` (`id`, `ip_address`, `timestamp`, `data`) VALUES('a1ee12003750190e74c82e1a7ed04e39693b1a9e', '126.7.197.134', 1489378193, 0x5f5f63695f6c6173745f726567656e65726174657c693a313438393337373938373b6f617574685f746f6b656e7c733a32373a22354a554e31514141414141417a4c735141414142577358596a6359223b6f617574685f746f6b656e5f7365637265747c733a33323a22736a457141536d4b705661394366466f7642706b6d623878384e4e3242686a64223b6163636573735f746f6b656e7c613a353a7b733a31313a226f617574685f746f6b656e223b733a35303a22343230363933323833342d34546f4b52486764344c4673555a3674414d4355457754346f4f654a4863475246686c48787837223b733a31383a226f617574685f746f6b656e5f736563726574223b733a34353a22377863733251556767384b7356743852455259645853447076426b39684475667a763873676d62413249657944223b733a373a22757365725f6964223b733a31303a2234323036393332383334223b733a31313a2273637265656e5f6e616d65223b733a373a22617361696b6f36223b733a31343a22785f617574685f65787069726573223b733a313a2230223b7d757365725f69647c733a313a2234223b747769747465725f7072696d6172795f69647c693a343230363933323833343b);
INSERT INTO `site_sessions` (`id`, `ip_address`, `timestamp`, `data`) VALUES('a30b37ac4eda98cfb022f3fa0f649792f76e0b00', '126.7.197.134', 1489378955, 0x5f5f63695f6c6173745f726567656e65726174657c693a313438393337383935333b6f617574685f746f6b656e7c733a32373a226843306c4e774141414141417a4c7351414141425773586e53584d223b6f617574685f746f6b656e5f7365637265747c733a33323a2274515163736a387a524f4974394e5653716658335a545948536d584965395954223b6163636573735f746f6b656e7c613a353a7b733a31313a226f617574685f746f6b656e223b733a35303a22343230363933323833342d34546f4b52486764344c4673555a3674414d4355457754346f4f654a4863475246686c48787837223b733a31383a226f617574685f746f6b656e5f736563726574223b733a34353a22377863733251556767384b7356743852455259645853447076426b39684475667a763873676d62413249657944223b733a373a22757365725f6964223b733a31303a2234323036393332383334223b733a31313a2273637265656e5f6e616d65223b733a373a22617361696b6f36223b733a31343a22785f617574685f65787069726573223b733a313a2230223b7d757365725f69647c733a313a2234223b747769747465725f7072696d6172795f69647c693a343230363933323833343b);
INSERT INTO `site_sessions` (`id`, `ip_address`, `timestamp`, `data`) VALUES('a454541a5ac78ec4f861cbc1d4c5751b54dceece', '126.15.124.3', 1489173729, 0x5f5f63695f6c6173745f726567656e65726174657c693a313438393137333439323b6f617574685f746f6b656e7c733a32373a227437356853674141414141417a4c735141414142577253504e5a4d223b6f617574685f746f6b656e5f7365637265747c733a33323a22704162624c79676449576565746b577478683577683970636b5a4b365162527a223b6163636573735f746f6b656e7c613a353a7b733a31313a226f617574685f746f6b656e223b733a35303a223833313033343431393730333939363431362d3737634c7a5766654f5a6a46696b61626846734558564a4853414546616e76223b733a31383a226f617574685f746f6b656e5f736563726574223b733a34353a22505061544c416b62695853625950366b6c303368414a62626d6b684673556c555866464e675751666d79583874223b733a373a22757365725f6964223b733a31383a22383331303334343139373033393936343136223b733a31313a2273637265656e5f6e616d65223b733a393a2274657874726f6f6f6d223b733a31343a22785f617574685f65787069726573223b733a313a2230223b7d757365725f69647c733a313a2231223b747769747465725f7072696d6172795f69647c693a3833313033343431393730333939363431363b);
INSERT INTO `site_sessions` (`id`, `ip_address`, `timestamp`, `data`) VALUES('a8f5001bfc4539654552203e2b5bad7b066a2efd', '126.15.124.3', 1489346092, 0x5f5f63695f6c6173745f726567656e65726174657c693a313438393334363037303b6f617574685f746f6b656e7c733a32373a226432693761414141414141417a4c73514141414257734c4e424241223b6f617574685f746f6b656e5f7365637265747c733a33323a22364157767774544a7468594c6f4e4f5867783467714c565a675a5058484d496b223b6163636573735f746f6b656e7c613a353a7b733a31313a226f617574685f746f6b656e223b733a35303a223833313033343431393730333939363431362d3737634c7a5766654f5a6a46696b61626846734558564a4853414546616e76223b733a31383a226f617574685f746f6b656e5f736563726574223b733a34353a22505061544c416b62695853625950366b6c303368414a62626d6b684673556c555866464e675751666d79583874223b733a373a22757365725f6964223b733a31383a22383331303334343139373033393936343136223b733a31313a2273637265656e5f6e616d65223b733a393a2274657874726f6f6f6d223b733a31343a22785f617574685f65787069726573223b733a313a2230223b7d757365725f69647c733a313a2231223b747769747465725f7072696d6172795f69647c693a3833313033343431393730333939363431363b);
INSERT INTO `site_sessions` (`id`, `ip_address`, `timestamp`, `data`) VALUES('aacf65262b844aae05e7525ba0348029ac90be75', '126.15.124.3', 1489353028, 0x5f5f63695f6c6173745f726567656e65726174657c693a313438393335323934383b6f617574685f746f6b656e7c733a32373a22325a617353674141414141417a4c7351414141425773526166626b223b6f617574685f746f6b656e5f7365637265747c733a33323a224d6d715068657268427143636953544662714b50716341727436347349596e44223b6163636573735f746f6b656e7c613a353a7b733a31313a226f617574685f746f6b656e223b733a35303a223833313033343431393730333939363431362d3737634c7a5766654f5a6a46696b61626846734558564a4853414546616e76223b733a31383a226f617574685f746f6b656e5f736563726574223b733a34353a22505061544c416b62695853625950366b6c303368414a62626d6b684673556c555866464e675751666d79583874223b733a373a22757365725f6964223b733a31383a22383331303334343139373033393936343136223b733a31313a2273637265656e5f6e616d65223b733a393a2274657874726f6f6f6d223b733a31343a22785f617574685f65787069726573223b733a313a2230223b7d757365725f69647c733a313a2231223b747769747465725f7072696d6172795f69647c693a3833313033343431393730333939363431363b);
INSERT INTO `site_sessions` (`id`, `ip_address`, `timestamp`, `data`) VALUES('abe5fedbaf572fd4730fe5ba01f39b2c2c30126f', '126.114.211.185', 1489089434, 0x5f5f63695f6c6173745f726567656e65726174657c693a313438393038393236383b6f617574685f746f6b656e7c733a32373a227437356853674141414141417a4c735141414142577253504e5a4d223b6f617574685f746f6b656e5f7365637265747c733a33323a22704162624c79676449576565746b577478683577683970636b5a4b365162527a223b6163636573735f746f6b656e7c613a353a7b733a31313a226f617574685f746f6b656e223b733a35303a223833313033343431393730333939363431362d3737634c7a5766654f5a6a46696b61626846734558564a4853414546616e76223b733a31383a226f617574685f746f6b656e5f736563726574223b733a34353a22505061544c416b62695853625950366b6c303368414a62626d6b684673556c555866464e675751666d79583874223b733a373a22757365725f6964223b733a31383a22383331303334343139373033393936343136223b733a31313a2273637265656e5f6e616d65223b733a393a2274657874726f6f6f6d223b733a31343a22785f617574685f65787069726573223b733a313a2230223b7d757365725f69647c733a313a2231223b747769747465725f7072696d6172795f69647c693a3833313033343431393730333939363431363b);
INSERT INTO `site_sessions` (`id`, `ip_address`, `timestamp`, `data`) VALUES('acddce9452c718235dadef2ac663fa0e754270c6', '126.15.124.3', 1489176393, 0x5f5f63695f6c6173745f726567656e65726174657c693a313438393137363132373b6f617574685f746f6b656e7c733a32373a227437356853674141414141417a4c735141414142577253504e5a4d223b6f617574685f746f6b656e5f7365637265747c733a33323a22704162624c79676449576565746b577478683577683970636b5a4b365162527a223b6163636573735f746f6b656e7c613a353a7b733a31313a226f617574685f746f6b656e223b733a35303a223833313033343431393730333939363431362d3737634c7a5766654f5a6a46696b61626846734558564a4853414546616e76223b733a31383a226f617574685f746f6b656e5f736563726574223b733a34353a22505061544c416b62695853625950366b6c303368414a62626d6b684673556c555866464e675751666d79583874223b733a373a22757365725f6964223b733a31383a22383331303334343139373033393936343136223b733a31313a2273637265656e5f6e616d65223b733a393a2274657874726f6f6f6d223b733a31343a22785f617574685f65787069726573223b733a313a2230223b7d757365725f69647c733a313a2231223b747769747465725f7072696d6172795f69647c693a3833313033343431393730333939363431363b);
INSERT INTO `site_sessions` (`id`, `ip_address`, `timestamp`, `data`) VALUES('b0f47e1f6536b99796c1dab5ecb90729fde53cdd', '126.7.197.134', 1489702911, 0x6f617574685f746f6b656e7c733a32373a224456423661674141414141417a4c73514141414257746b32645a55223b6f617574685f746f6b656e5f7365637265747c733a33323a227269535430314c505a364e346f416a4a7841667967616e44326577303275434c223b6163636573735f746f6b656e7c613a353a7b733a31313a226f617574685f746f6b656e223b733a35303a22343438343330363131392d367a614a7856794271666c647478726349416767674446444f326b794351723564546578507967223b733a31383a226f617574685f746f6b656e5f736563726574223b733a34353a22714a745132506249716231424f33343243777450476d5962715174564b6b764171465150494c50656547597268223b733a373a22757365725f6964223b733a31303a2234343834333036313139223b733a31313a2273637265656e5f6e616d65223b733a31303a227365697975636861736f223b733a31343a22785f617574685f65787069726573223b733a313a2230223b7d757365725f69647c733a313a2235223b747769747465725f7072696d6172795f69647c693a343438343330363131393b);
INSERT INTO `site_sessions` (`id`, `ip_address`, `timestamp`, `data`) VALUES('b3c13588d059051b884abb9c13fbf54ddfe9710d', '126.15.124.3', 1489328670, 0x5f5f63695f6c6173745f726567656e65726174657c693a313438393332383637303b6f617574685f746f6b656e7c733a32373a226432693761414141414141417a4c73514141414257734c4e424241223b6f617574685f746f6b656e5f7365637265747c733a33323a22364157767774544a7468594c6f4e4f5867783467714c565a675a5058484d496b223b6163636573735f746f6b656e7c613a353a7b733a31313a226f617574685f746f6b656e223b733a35303a223833313033343431393730333939363431362d3737634c7a5766654f5a6a46696b61626846734558564a4853414546616e76223b733a31383a226f617574685f746f6b656e5f736563726574223b733a34353a22505061544c416b62695853625950366b6c303368414a62626d6b684673556c555866464e675751666d79583874223b733a373a22757365725f6964223b733a31383a22383331303334343139373033393936343136223b733a31313a2273637265656e5f6e616d65223b733a393a2274657874726f6f6f6d223b733a31343a22785f617574685f65787069726573223b733a313a2230223b7d757365725f69647c733a313a2231223b747769747465725f7072696d6172795f69647c693a3833313033343431393730333939363431363b);
INSERT INTO `site_sessions` (`id`, `ip_address`, `timestamp`, `data`) VALUES('b55dfa1b8e62365fbe2c62124c2f1068d7df97fe', '126.7.197.134', 1489376083, 0x5f5f63695f6c6173745f726567656e65726174657c693a313438393337323639333b6f617574685f746f6b656e7c733a32373a224339766261414141414141417a4c735141414142577356514f4f45223b6f617574685f746f6b656e5f7365637265747c733a33323a223245683074354f714f383834694645636153777550554e614572486665784c76223b6163636573735f746f6b656e7c613a353a7b733a31313a226f617574685f746f6b656e223b733a35303a22333431323936363730302d584f3567514c6b737035546f347834524f4e4432535142744f497a786d6d39526262394b757933223b733a31383a226f617574685f746f6b656e5f736563726574223b733a34353a2277743748463263505969395a694e78325a565a7677396247495542737074384c33755045655562384246367736223b733a373a22757365725f6964223b733a31303a2233343132393636373030223b733a31313a2273637265656e5f6e616d65223b733a31323a226b61737368696d6173686930223b733a31343a22785f617574685f65787069726573223b733a313a2230223b7d757365725f69647c733a313a2236223b747769747465725f7072696d6172795f69647c693a333431323936363730303b);
INSERT INTO `site_sessions` (`id`, `ip_address`, `timestamp`, `data`) VALUES('b6a41ffb57f20260a663f43744a222ef02510048', '126.15.124.3', 1489326908, 0x5f5f63695f6c6173745f726567656e65726174657c693a313438393332363930303b6f617574685f746f6b656e7c733a32373a226432693761414141414141417a4c73514141414257734c4e424241223b6f617574685f746f6b656e5f7365637265747c733a33323a22364157767774544a7468594c6f4e4f5867783467714c565a675a5058484d496b223b6163636573735f746f6b656e7c613a353a7b733a31313a226f617574685f746f6b656e223b733a35303a223833313033343431393730333939363431362d3737634c7a5766654f5a6a46696b61626846734558564a4853414546616e76223b733a31383a226f617574685f746f6b656e5f736563726574223b733a34353a22505061544c416b62695853625950366b6c303368414a62626d6b684673556c555866464e675751666d79583874223b733a373a22757365725f6964223b733a31383a22383331303334343139373033393936343136223b733a31313a2273637265656e5f6e616d65223b733a393a2274657874726f6f6f6d223b733a31343a22785f617574685f65787069726573223b733a313a2230223b7d757365725f69647c733a313a2231223b747769747465725f7072696d6172795f69647c693a3833313033343431393730333939363431363b);
INSERT INTO `site_sessions` (`id`, `ip_address`, `timestamp`, `data`) VALUES('bca34ee3c57c05c6b7c87b77574e7d0867bd3bda', '126.126.184.104', 1489157637, 0x5f5f63695f6c6173745f726567656e65726174657c693a313438393135373336353b6f617574685f746f6b656e7c733a32373a22544c366b71514141414141417a4c7351414141425772695a656751223b6f617574685f746f6b656e5f7365637265747c733a33323a2239437254753159324c4a666873456864786b313351506f725770764b78756733223b6163636573735f746f6b656e7c613a353a7b733a31313a226f617574685f746f6b656e223b733a35303a22343230363933323833342d34546f4b52486764344c4673555a3674414d4355457754346f4f654a4863475246686c48787837223b733a31383a226f617574685f746f6b656e5f736563726574223b733a34353a22377863733251556767384b7356743852455259645853447076426b39684475667a763873676d62413249657944223b733a373a22757365725f6964223b733a31303a2234323036393332383334223b733a31313a2273637265656e5f6e616d65223b733a373a22617361696b6f36223b733a31343a22785f617574685f65787069726573223b733a313a2230223b7d757365725f69647c733a313a2234223b747769747465725f7072696d6172795f69647c693a343230363933323833343b);
INSERT INTO `site_sessions` (`id`, `ip_address`, `timestamp`, `data`) VALUES('bfedf312ab820d412101edab2b6f26400fc5348b', '126.7.197.134', 1489376949, 0x5f5f63695f6c6173745f726567656e65726174657c693a313438393337363832333b6f617574685f746f6b656e7c733a32373a22574975644e674141414141417a4c73514141414257735675587a30223b6f617574685f746f6b656e5f7365637265747c733a33323a224d67466d633752326b57584661446262685432626151357a425655426654434d223b6163636573735f746f6b656e7c613a353a7b733a31313a226f617574685f746f6b656e223b733a35303a22343230363933323833342d34546f4b52486764344c4673555a3674414d4355457754346f4f654a4863475246686c48787837223b733a31383a226f617574685f746f6b656e5f736563726574223b733a34353a22377863733251556767384b7356743852455259645853447076426b39684475667a763873676d62413249657944223b733a373a22757365725f6964223b733a31303a2234323036393332383334223b733a31313a2273637265656e5f6e616d65223b733a373a22617361696b6f36223b733a31343a22785f617574685f65787069726573223b733a313a2230223b7d757365725f69647c733a313a2234223b747769747465725f7072696d6172795f69647c693a343230363933323833343b);
INSERT INTO `site_sessions` (`id`, `ip_address`, `timestamp`, `data`) VALUES('c1efb817d3698c9789c6d3e0ae33dba7da22855c', '126.15.124.3', 1489183247, 0x5f5f63695f6c6173745f726567656e65726174657c693a313438393138333136353b6f617574685f746f6b656e7c733a32373a227437356853674141414141417a4c735141414142577253504e5a4d223b6f617574685f746f6b656e5f7365637265747c733a33323a22704162624c79676449576565746b577478683577683970636b5a4b365162527a223b6163636573735f746f6b656e7c613a353a7b733a31313a226f617574685f746f6b656e223b733a35303a223833313033343431393730333939363431362d3737634c7a5766654f5a6a46696b61626846734558564a4853414546616e76223b733a31383a226f617574685f746f6b656e5f736563726574223b733a34353a22505061544c416b62695853625950366b6c303368414a62626d6b684673556c555866464e675751666d79583874223b733a373a22757365725f6964223b733a31383a22383331303334343139373033393936343136223b733a31313a2273637265656e5f6e616d65223b733a393a2274657874726f6f6f6d223b733a31343a22785f617574685f65787069726573223b733a313a2230223b7d757365725f69647c733a313a2231223b747769747465725f7072696d6172795f69647c693a3833313033343431393730333939363431363b);
INSERT INTO `site_sessions` (`id`, `ip_address`, `timestamp`, `data`) VALUES('c340264b8be89f34e15bd3862a3266bb62432d8d', '126.15.124.3', 1489177399, 0x5f5f63695f6c6173745f726567656e65726174657c693a313438393137373136333b6f617574685f746f6b656e7c733a32373a227437356853674141414141417a4c735141414142577253504e5a4d223b6f617574685f746f6b656e5f7365637265747c733a33323a22704162624c79676449576565746b577478683577683970636b5a4b365162527a223b6163636573735f746f6b656e7c613a353a7b733a31313a226f617574685f746f6b656e223b733a35303a223833313033343431393730333939363431362d3737634c7a5766654f5a6a46696b61626846734558564a4853414546616e76223b733a31383a226f617574685f746f6b656e5f736563726574223b733a34353a22505061544c416b62695853625950366b6c303368414a62626d6b684673556c555866464e675751666d79583874223b733a373a22757365725f6964223b733a31383a22383331303334343139373033393936343136223b733a31313a2273637265656e5f6e616d65223b733a393a2274657874726f6f6f6d223b733a31343a22785f617574685f65787069726573223b733a313a2230223b7d757365725f69647c733a313a2231223b747769747465725f7072696d6172795f69647c693a3833313033343431393730333939363431363b);
INSERT INTO `site_sessions` (`id`, `ip_address`, `timestamp`, `data`) VALUES('c4717d45e4bdb8ffdc471b15cd724b331e30431f', '126.7.197.134', 1489702391, 0x6f617574685f746f6b656e7c733a32373a22537578786b674141414141417a4c73514141414257746b75685045223b6f617574685f746f6b656e5f7365637265747c733a33323a22576d6570636a5838534a5453565a596e684b5778554d74736277706e48465049223b6163636573735f746f6b656e7c613a353a7b733a31313a226f617574685f746f6b656e223b733a35303a223833313033343431393730333939363431362d3737634c7a5766654f5a6a46696b61626846734558564a4853414546616e76223b733a31383a226f617574685f746f6b656e5f736563726574223b733a34353a22505061544c416b62695853625950366b6c303368414a62626d6b684673556c555866464e675751666d79583874223b733a373a22757365725f6964223b733a31383a22383331303334343139373033393936343136223b733a31313a2273637265656e5f6e616d65223b733a393a2274657874726f6f6f6d223b733a31343a22785f617574685f65787069726573223b733a313a2230223b7d757365725f69647c733a313a2231223b747769747465725f7072696d6172795f69647c693a3833313033343431393730333939363431363b);
INSERT INTO `site_sessions` (`id`, `ip_address`, `timestamp`, `data`) VALUES('c4ff94a2957fedd3b813eb6e79bacf17c087d5a5', '126.7.197.134', 1489369329, 0x5f5f63695f6c6173745f726567656e65726174657c693a313438393336393035333b6f617574685f746f6b656e7c733a32373a224339766261414141414141417a4c735141414142577356514f4f45223b6f617574685f746f6b656e5f7365637265747c733a33323a223245683074354f714f383834694645636153777550554e614572486665784c76223b6163636573735f746f6b656e7c613a353a7b733a31313a226f617574685f746f6b656e223b733a35303a22333431323936363730302d584f3567514c6b737035546f347834524f4e4432535142744f497a786d6d39526262394b757933223b733a31383a226f617574685f746f6b656e5f736563726574223b733a34353a2277743748463263505969395a694e78325a565a7677396247495542737074384c33755045655562384246367736223b733a373a22757365725f6964223b733a31303a2233343132393636373030223b733a31313a2273637265656e5f6e616d65223b733a31323a226b61737368696d6173686930223b733a31343a22785f617574685f65787069726573223b733a313a2230223b7d757365725f69647c733a313a2236223b747769747465725f7072696d6172795f69647c693a333431323936363730303b);
INSERT INTO `site_sessions` (`id`, `ip_address`, `timestamp`, `data`) VALUES('c97b79d116674c38519ed02cde49736b16491f6a', '126.114.211.185', 1489094215, 0x5f5f63695f6c6173745f726567656e65726174657c693a313438393039333935343b6f617574685f746f6b656e7c733a32373a224750487545414141414141417a4c7351414141425772532d533377223b6f617574685f746f6b656e5f7365637265747c733a33323a22544972674b456b466551544f324652333374307949485874626963783865764f223b6163636573735f746f6b656e7c613a353a7b733a31313a226f617574685f746f6b656e223b733a35303a22343230363933323833342d34546f4b52486764344c4673555a3674414d4355457754346f4f654a4863475246686c48787837223b733a31383a226f617574685f746f6b656e5f736563726574223b733a34353a22377863733251556767384b7356743852455259645853447076426b39684475667a763873676d62413249657944223b733a373a22757365725f6964223b733a31303a2234323036393332383334223b733a31313a2273637265656e5f6e616d65223b733a373a22617361696b6f36223b733a31343a22785f617574685f65787069726573223b733a313a2230223b7d757365725f69647c733a313a2234223b747769747465725f7072696d6172795f69647c693a343230363933323833343b);
INSERT INTO `site_sessions` (`id`, `ip_address`, `timestamp`, `data`) VALUES('c9ed051db7444a373055b266d125962b06ad45dc', '126.7.197.134', 1489378008, 0x5f5f63695f6c6173745f726567656e65726174657c693a313438393337373936333b6f617574685f746f6b656e7c733a32373a225870702d4c514141414141417a4c735141414142577358594c7151223b6f617574685f746f6b656e5f7365637265747c733a33323a22316f64763979515a4f50687a774777633175316a467761466445494658514747223b6163636573735f746f6b656e7c613a353a7b733a31313a226f617574685f746f6b656e223b733a35303a22333431323936363730302d584f3567514c6b737035546f347834524f4e4432535142744f497a786d6d39526262394b757933223b733a31383a226f617574685f746f6b656e5f736563726574223b733a34353a2277743748463263505969395a694e78325a565a7677396247495542737074384c33755045655562384246367736223b733a373a22757365725f6964223b733a31303a2233343132393636373030223b733a31313a2273637265656e5f6e616d65223b733a31323a226b61737368696d6173686930223b733a31343a22785f617574685f65787069726573223b733a313a2230223b7d757365725f69647c733a313a2236223b747769747465725f7072696d6172795f69647c693a333431323936363730303b);
INSERT INTO `site_sessions` (`id`, `ip_address`, `timestamp`, `data`) VALUES('ca22107965e2cfc22c72b5201b969919ea7892d1', '126.7.197.134', 1489371328, 0x5f5f63695f6c6173745f726567656e65726174657c693a313438393337313032393b6f617574685f746f6b656e7c733a32373a22574975644e674141414141417a4c73514141414257735675587a30223b6f617574685f746f6b656e5f7365637265747c733a33323a224d67466d633752326b57584661446262685432626151357a425655426654434d223b6163636573735f746f6b656e7c613a353a7b733a31313a226f617574685f746f6b656e223b733a35303a22343230363933323833342d34546f4b52486764344c4673555a3674414d4355457754346f4f654a4863475246686c48787837223b733a31383a226f617574685f746f6b656e5f736563726574223b733a34353a22377863733251556767384b7356743852455259645853447076426b39684475667a763873676d62413249657944223b733a373a22757365725f6964223b733a31303a2234323036393332383334223b733a31313a2273637265656e5f6e616d65223b733a373a22617361696b6f36223b733a31343a22785f617574685f65787069726573223b733a313a2230223b7d757365725f69647c733a313a2234223b747769747465725f7072696d6172795f69647c693a343230363933323833343b);
INSERT INTO `site_sessions` (`id`, `ip_address`, `timestamp`, `data`) VALUES('cf0535b181a33d8e32d3a11a98823b94ce844ba1', '126.15.124.3', 1489182337, 0x5f5f63695f6c6173745f726567656e65726174657c693a313438393138323036313b6f617574685f746f6b656e7c733a32373a227437356853674141414141417a4c735141414142577253504e5a4d223b6f617574685f746f6b656e5f7365637265747c733a33323a22704162624c79676449576565746b577478683577683970636b5a4b365162527a223b6163636573735f746f6b656e7c613a353a7b733a31313a226f617574685f746f6b656e223b733a35303a223833313033343431393730333939363431362d3737634c7a5766654f5a6a46696b61626846734558564a4853414546616e76223b733a31383a226f617574685f746f6b656e5f736563726574223b733a34353a22505061544c416b62695853625950366b6c303368414a62626d6b684673556c555866464e675751666d79583874223b733a373a22757365725f6964223b733a31383a22383331303334343139373033393936343136223b733a31313a2273637265656e5f6e616d65223b733a393a2274657874726f6f6f6d223b733a31343a22785f617574685f65787069726573223b733a313a2230223b7d757365725f69647c733a313a2231223b747769747465725f7072696d6172795f69647c693a3833313033343431393730333939363431363b);
INSERT INTO `site_sessions` (`id`, `ip_address`, `timestamp`, `data`) VALUES('d0f50b928fe200686a04d9c762a840d2d830638d', '126.15.124.3', 1489342442, 0x5f5f63695f6c6173745f726567656e65726174657c693a313438393334323136333b6f617574685f746f6b656e7c733a32373a226432693761414141414141417a4c73514141414257734c4e424241223b6f617574685f746f6b656e5f7365637265747c733a33323a22364157767774544a7468594c6f4e4f5867783467714c565a675a5058484d496b223b6163636573735f746f6b656e7c613a353a7b733a31313a226f617574685f746f6b656e223b733a35303a223833313033343431393730333939363431362d3737634c7a5766654f5a6a46696b61626846734558564a4853414546616e76223b733a31383a226f617574685f746f6b656e5f736563726574223b733a34353a22505061544c416b62695853625950366b6c303368414a62626d6b684673556c555866464e675751666d79583874223b733a373a22757365725f6964223b733a31383a22383331303334343139373033393936343136223b733a31313a2273637265656e5f6e616d65223b733a393a2274657874726f6f6f6d223b733a31343a22785f617574685f65787069726573223b733a313a2230223b7d757365725f69647c733a313a2231223b747769747465725f7072696d6172795f69647c693a3833313033343431393730333939363431363b);
INSERT INTO `site_sessions` (`id`, `ip_address`, `timestamp`, `data`) VALUES('d32eca50b64f072b1d96526bb77a5870294e8e0a', '126.7.197.134', 1489372016, 0x5f5f63695f6c6173745f726567656e65726174657c693a313438393337313738333b6f617574685f746f6b656e7c733a32373a22574975644e674141414141417a4c73514141414257735675587a30223b6f617574685f746f6b656e5f7365637265747c733a33323a224d67466d633752326b57584661446262685432626151357a425655426654434d223b6163636573735f746f6b656e7c613a353a7b733a31313a226f617574685f746f6b656e223b733a35303a22343230363933323833342d34546f4b52486764344c4673555a3674414d4355457754346f4f654a4863475246686c48787837223b733a31383a226f617574685f746f6b656e5f736563726574223b733a34353a22377863733251556767384b7356743852455259645853447076426b39684475667a763873676d62413249657944223b733a373a22757365725f6964223b733a31303a2234323036393332383334223b733a31313a2273637265656e5f6e616d65223b733a373a22617361696b6f36223b733a31343a22785f617574685f65787069726573223b733a313a2230223b7d757365725f69647c733a313a2234223b747769747465725f7072696d6172795f69647c693a343230363933323833343b);
INSERT INTO `site_sessions` (`id`, `ip_address`, `timestamp`, `data`) VALUES('d351fbb80b4ea1c3f45560bd6e6b0b5d33e0307f', '126.15.124.3', 1489171579, 0x5f5f63695f6c6173745f726567656e65726174657c693a313438393137313336383b6f617574685f746f6b656e7c733a32373a227437356853674141414141417a4c735141414142577253504e5a4d223b6f617574685f746f6b656e5f7365637265747c733a33323a22704162624c79676449576565746b577478683577683970636b5a4b365162527a223b6163636573735f746f6b656e7c613a353a7b733a31313a226f617574685f746f6b656e223b733a35303a223833313033343431393730333939363431362d3737634c7a5766654f5a6a46696b61626846734558564a4853414546616e76223b733a31383a226f617574685f746f6b656e5f736563726574223b733a34353a22505061544c416b62695853625950366b6c303368414a62626d6b684673556c555866464e675751666d79583874223b733a373a22757365725f6964223b733a31383a22383331303334343139373033393936343136223b733a31313a2273637265656e5f6e616d65223b733a393a2274657874726f6f6f6d223b733a31343a22785f617574685f65787069726573223b733a313a2230223b7d757365725f69647c733a313a2231223b747769747465725f7072696d6172795f69647c693a3833313033343431393730333939363431363b);
INSERT INTO `site_sessions` (`id`, `ip_address`, `timestamp`, `data`) VALUES('d52527a50ec98865286fb1f69d5785ce9faea05c', '126.114.211.185', 1489093142, 0x5f5f63695f6c6173745f726567656e65726174657c693a313438393039323930363b6f617574685f746f6b656e7c733a32373a224750487545414141414141417a4c7351414141425772532d533377223b6f617574685f746f6b656e5f7365637265747c733a33323a22544972674b456b466551544f324652333374307949485874626963783865764f223b6163636573735f746f6b656e7c613a353a7b733a31313a226f617574685f746f6b656e223b733a35303a22343230363933323833342d34546f4b52486764344c4673555a3674414d4355457754346f4f654a4863475246686c48787837223b733a31383a226f617574685f746f6b656e5f736563726574223b733a34353a22377863733251556767384b7356743852455259645853447076426b39684475667a763873676d62413249657944223b733a373a22757365725f6964223b733a31303a2234323036393332383334223b733a31313a2273637265656e5f6e616d65223b733a373a22617361696b6f36223b733a31343a22785f617574685f65787069726573223b733a313a2230223b7d757365725f69647c733a313a2234223b747769747465725f7072696d6172795f69647c693a343230363933323833343b);
INSERT INTO `site_sessions` (`id`, `ip_address`, `timestamp`, `data`) VALUES('d712f8a9db0edaadeff59a8a0aa5ad14d563d8e3', '126.15.124.3', 1489339400, 0x5f5f63695f6c6173745f726567656e65726174657c693a313438393333393430303b6f617574685f746f6b656e7c733a32373a226432693761414141414141417a4c73514141414257734c4e424241223b6f617574685f746f6b656e5f7365637265747c733a33323a22364157767774544a7468594c6f4e4f5867783467714c565a675a5058484d496b223b6163636573735f746f6b656e7c613a353a7b733a31313a226f617574685f746f6b656e223b733a35303a223833313033343431393730333939363431362d3737634c7a5766654f5a6a46696b61626846734558564a4853414546616e76223b733a31383a226f617574685f746f6b656e5f736563726574223b733a34353a22505061544c416b62695853625950366b6c303368414a62626d6b684673556c555866464e675751666d79583874223b733a373a22757365725f6964223b733a31383a22383331303334343139373033393936343136223b733a31313a2273637265656e5f6e616d65223b733a393a2274657874726f6f6f6d223b733a31343a22785f617574685f65787069726573223b733a313a2230223b7d757365725f69647c733a313a2231223b747769747465725f7072696d6172795f69647c693a3833313033343431393730333939363431363b);
INSERT INTO `site_sessions` (`id`, `ip_address`, `timestamp`, `data`) VALUES('d8723391e7a56da72c2bb90ac9682438e1c68b1e', '126.7.197.134', 1489702835, 0x72656469726563747c733a32303a22687474703a2f2f74657874726f6f6d2e6e65742f223b6f617574685f746f6b656e7c733a32373a225068352d4e414141414141417a4c73514141414257746b31564241223b6f617574685f746f6b656e5f7365637265747c733a33323a2269786d336e594c4f5253555762764e586d69584b6d4c39614276436b31356e59223b);
INSERT INTO `site_sessions` (`id`, `ip_address`, `timestamp`, `data`) VALUES('da8acb17e853266f67b33ea8cfd1e4c2c054ce6d', '126.114.211.185', 1489084224, 0x5f5f63695f6c6173745f726567656e65726174657c693a313438393038343231383b6f617574685f746f6b656e7c733a32373a224754377749774141414141417a4c7351414141425772517072784d223b6f617574685f746f6b656e5f7365637265747c733a33323a225268496b61644b31536347646977317035374f4b50495578657a684a7632354d223b6163636573735f746f6b656e7c613a353a7b733a31313a226f617574685f746f6b656e223b733a35303a22343230363933323833342d34546f4b52486764344c4673555a3674414d4355457754346f4f654a4863475246686c48787837223b733a31383a226f617574685f746f6b656e5f736563726574223b733a34353a22377863733251556767384b7356743852455259645853447076426b39684475667a763873676d62413249657944223b733a373a22757365725f6964223b733a31303a2234323036393332383334223b733a31313a2273637265656e5f6e616d65223b733a373a22617361696b6f36223b733a31343a22785f617574685f65787069726573223b733a313a2230223b7d757365725f69647c733a313a2234223b747769747465725f7072696d6172795f69647c693a343230363933323833343b);
INSERT INTO `site_sessions` (`id`, `ip_address`, `timestamp`, `data`) VALUES('dc9a6c061bf0ba9ee808dcf60101b17435ec9b1a', '126.15.124.3', 1489181574, 0x5f5f63695f6c6173745f726567656e65726174657c693a313438393138313337303b6f617574685f746f6b656e7c733a32373a227437356853674141414141417a4c735141414142577253504e5a4d223b6f617574685f746f6b656e5f7365637265747c733a33323a22704162624c79676449576565746b577478683577683970636b5a4b365162527a223b6163636573735f746f6b656e7c613a353a7b733a31313a226f617574685f746f6b656e223b733a35303a223833313033343431393730333939363431362d3737634c7a5766654f5a6a46696b61626846734558564a4853414546616e76223b733a31383a226f617574685f746f6b656e5f736563726574223b733a34353a22505061544c416b62695853625950366b6c303368414a62626d6b684673556c555866464e675751666d79583874223b733a373a22757365725f6964223b733a31383a22383331303334343139373033393936343136223b733a31313a2273637265656e5f6e616d65223b733a393a2274657874726f6f6f6d223b733a31343a22785f617574685f65787069726573223b733a313a2230223b7d757365725f69647c733a313a2231223b747769747465725f7072696d6172795f69647c693a3833313033343431393730333939363431363b);
INSERT INTO `site_sessions` (`id`, `ip_address`, `timestamp`, `data`) VALUES('e37bb26316b2f0101a4911ebc5ef1d240e3fe2c4', '126.126.184.104', 1489158370, 0x5f5f63695f6c6173745f726567656e65726174657c693a313438393135383130303b6f617574685f746f6b656e7c733a32373a2279644d6749514141414141417a4c73514141414257726933464b67223b6f617574685f746f6b656e5f7365637265747c733a33323a2268675479717172397452507434324c6d636e56676553753945687051754c7a6a223b6163636573735f746f6b656e7c613a353a7b733a31313a226f617574685f746f6b656e223b733a35303a22333339353532353839342d4a71415877424576565742473956576a57304c504b32677071744e4b6d6d455a615551634b4879223b733a31383a226f617574685f746f6b656e5f736563726574223b733a34353a2248617262776c6b673434636f7a4b626976796a366a6c4648673042337532386b65596c426e54636e5253624962223b733a373a22757365725f6964223b733a31303a2233333935353235383934223b733a31313a2273637265656e5f6e616d65223b733a393a226d6172626c65333332223b733a31343a22785f617574685f65787069726573223b733a313a2230223b7d757365725f69647c733a313a2238223b747769747465725f7072696d6172795f69647c693a333339353532353839343b);
INSERT INTO `site_sessions` (`id`, `ip_address`, `timestamp`, `data`) VALUES('e78e2f7f4402e1652c8043b490aceca9bc48894b', '126.15.124.3', 1489181144, 0x5f5f63695f6c6173745f726567656e65726174657c693a313438393138303934333b6f617574685f746f6b656e7c733a32373a227437356853674141414141417a4c735141414142577253504e5a4d223b6f617574685f746f6b656e5f7365637265747c733a33323a22704162624c79676449576565746b577478683577683970636b5a4b365162527a223b6163636573735f746f6b656e7c613a353a7b733a31313a226f617574685f746f6b656e223b733a35303a223833313033343431393730333939363431362d3737634c7a5766654f5a6a46696b61626846734558564a4853414546616e76223b733a31383a226f617574685f746f6b656e5f736563726574223b733a34353a22505061544c416b62695853625950366b6c303368414a62626d6b684673556c555866464e675751666d79583874223b733a373a22757365725f6964223b733a31383a22383331303334343139373033393936343136223b733a31313a2273637265656e5f6e616d65223b733a393a2274657874726f6f6f6d223b733a31343a22785f617574685f65787069726573223b733a313a2230223b7d757365725f69647c733a313a2231223b747769747465725f7072696d6172795f69647c693a3833313033343431393730333939363431363b);
INSERT INTO `site_sessions` (`id`, `ip_address`, `timestamp`, `data`) VALUES('e99c1dc8873926c1e493ab047ec3c12da2ba8ad7', '126.114.211.185', 1489092345, 0x5f5f63695f6c6173745f726567656e65726174657c693a313438393039323137333b6f617574685f746f6b656e7c733a32373a224750487545414141414141417a4c7351414141425772532d533377223b6f617574685f746f6b656e5f7365637265747c733a33323a22544972674b456b466551544f324652333374307949485874626963783865764f223b6163636573735f746f6b656e7c613a353a7b733a31313a226f617574685f746f6b656e223b733a35303a22343230363933323833342d34546f4b52486764344c4673555a3674414d4355457754346f4f654a4863475246686c48787837223b733a31383a226f617574685f746f6b656e5f736563726574223b733a34353a22377863733251556767384b7356743852455259645853447076426b39684475667a763873676d62413249657944223b733a373a22757365725f6964223b733a31303a2234323036393332383334223b733a31313a2273637265656e5f6e616d65223b733a373a22617361696b6f36223b733a31343a22785f617574685f65787069726573223b733a313a2230223b7d757365725f69647c733a313a2234223b747769747465725f7072696d6172795f69647c693a343230363933323833343b);
INSERT INTO `site_sessions` (`id`, `ip_address`, `timestamp`, `data`) VALUES('ee0b6a8c5abf845922e0a80e33748e782ea9ccdb', '126.126.184.104', 1489149385, 0x5f5f63695f6c6173745f726567656e65726174657c693a313438393134393338323b6f617574685f746f6b656e7c733a32373a2264736b5158414141414141417a4c73514141414257726734556759223b6f617574685f746f6b656e5f7365637265747c733a33323a22556e506a787954794a4f5a6259773741596159635941566e4e6d343143726831223b6163636573735f746f6b656e7c613a353a7b733a31313a226f617574685f746f6b656e223b733a35303a22313535363231393934382d34514f7041564a4f474b46544f696d363174654b62473130615a303352576e484a6e674f435838223b733a31383a226f617574685f746f6b656e5f736563726574223b733a34353a22703446555356434a3841396c37394c725074376971676655494f53305a664b7a367a37484e5259623435385346223b733a373a22757365725f6964223b733a31303a2231353536323139393438223b733a31313a2273637265656e5f6e616d65223b733a373a226d753836373531223b733a31343a22785f617574685f65787069726573223b733a313a2230223b7d757365725f69647c733a313a2239223b747769747465725f7072696d6172795f69647c693a313535363231393934383b);
INSERT INTO `site_sessions` (`id`, `ip_address`, `timestamp`, `data`) VALUES('ef31fe56edb5262f55c518442928537d8ba1cb09', '126.15.124.3', 1489342469, 0x5f5f63695f6c6173745f726567656e65726174657c693a313438393334323436393b6f617574685f746f6b656e7c733a32373a226432693761414141414141417a4c73514141414257734c4e424241223b6f617574685f746f6b656e5f7365637265747c733a33323a22364157767774544a7468594c6f4e4f5867783467714c565a675a5058484d496b223b6163636573735f746f6b656e7c613a353a7b733a31313a226f617574685f746f6b656e223b733a35303a223833313033343431393730333939363431362d3737634c7a5766654f5a6a46696b61626846734558564a4853414546616e76223b733a31383a226f617574685f746f6b656e5f736563726574223b733a34353a22505061544c416b62695853625950366b6c303368414a62626d6b684673556c555866464e675751666d79583874223b733a373a22757365725f6964223b733a31383a22383331303334343139373033393936343136223b733a31313a2273637265656e5f6e616d65223b733a393a2274657874726f6f6f6d223b733a31343a22785f617574685f65787069726573223b733a313a2230223b7d757365725f69647c733a313a2231223b747769747465725f7072696d6172795f69647c693a3833313033343431393730333939363431363b);
INSERT INTO `site_sessions` (`id`, `ip_address`, `timestamp`, `data`) VALUES('fa87bad6caaa1fcfa99d0c4d56039001dbf139c6', '126.114.211.185', 1489086227, 0x5f5f63695f6c6173745f726567656e65726174657c693a313438393038363232373b);
INSERT INTO `site_sessions` (`id`, `ip_address`, `timestamp`, `data`) VALUES('fd25ea7c4f515a7ed137e0df906eb5299bfb0603', '126.7.197.134', 1489376639, 0x5f5f63695f6c6173745f726567656e65726174657c693a313438393337363537363b6f617574685f746f6b656e7c733a32373a224339766261414141414141417a4c735141414142577356514f4f45223b6f617574685f746f6b656e5f7365637265747c733a33323a223245683074354f714f383834694645636153777550554e614572486665784c76223b6163636573735f746f6b656e7c613a353a7b733a31313a226f617574685f746f6b656e223b733a35303a22333431323936363730302d584f3567514c6b737035546f347834524f4e4432535142744f497a786d6d39526262394b757933223b733a31383a226f617574685f746f6b656e5f736563726574223b733a34353a2277743748463263505969395a694e78325a565a7677396247495542737074384c33755045655562384246367736223b733a373a22757365725f6964223b733a31303a2233343132393636373030223b733a31313a2273637265656e5f6e616d65223b733a31323a226b61737368696d6173686930223b733a31343a22785f617574685f65787069726573223b733a313a2230223b7d757365725f69647c733a313a2236223b747769747465725f7072696d6172795f69647c693a333431323936363730303b);
INSERT INTO `site_sessions` (`id`, `ip_address`, `timestamp`, `data`) VALUES('fe45b8bf3d76af960033da2b3048123b984bebfa', '126.15.124.3', 1489174216, 0x5f5f63695f6c6173745f726567656e65726174657c693a313438393137343135333b6f617574685f746f6b656e7c733a32373a227437356853674141414141417a4c735141414142577253504e5a4d223b6f617574685f746f6b656e5f7365637265747c733a33323a22704162624c79676449576565746b577478683577683970636b5a4b365162527a223b6163636573735f746f6b656e7c613a353a7b733a31313a226f617574685f746f6b656e223b733a35303a223833313033343431393730333939363431362d3737634c7a5766654f5a6a46696b61626846734558564a4853414546616e76223b733a31383a226f617574685f746f6b656e5f736563726574223b733a34353a22505061544c416b62695853625950366b6c303368414a62626d6b684673556c555866464e675751666d79583874223b733a373a22757365725f6964223b733a31383a22383331303334343139373033393936343136223b733a31313a2273637265656e5f6e616d65223b733a393a2274657874726f6f6f6d223b733a31343a22785f617574685f65787069726573223b733a313a2230223b7d757365725f69647c733a313a2231223b747769747465725f7072696d6172795f69647c693a3833313033343431393730333939363431363b);
INSERT INTO `site_sessions` (`id`, `ip_address`, `timestamp`, `data`) VALUES('ff9ac109a8bc7baedb299ffed732831bda9aff54', '126.15.124.3', 1489173470, 0x5f5f63695f6c6173745f726567656e65726174657c693a313438393137333138313b6f617574685f746f6b656e7c733a32373a227437356853674141414141417a4c735141414142577253504e5a4d223b6f617574685f746f6b656e5f7365637265747c733a33323a22704162624c79676449576565746b577478683577683970636b5a4b365162527a223b6163636573735f746f6b656e7c613a353a7b733a31313a226f617574685f746f6b656e223b733a35303a223833313033343431393730333939363431362d3737634c7a5766654f5a6a46696b61626846734558564a4853414546616e76223b733a31383a226f617574685f746f6b656e5f736563726574223b733a34353a22505061544c416b62695853625950366b6c303368414a62626d6b684673556c555866464e675751666d79583874223b733a373a22757365725f6964223b733a31383a22383331303334343139373033393936343136223b733a31313a2273637265656e5f6e616d65223b733a393a2274657874726f6f6f6d223b733a31343a22785f617574685f65787069726573223b733a313a2230223b7d757365725f69647c733a313a2231223b747769747465725f7072696d6172795f69647c693a3833313033343431393730333939363431363b);

--
-- テーブルのデータのダンプ `tag`
--

INSERT INTO `tag` (`tag_id`, `tg_word`, `tg_hide`, `tg_thread_count`, `tg_first_thread_id`, `tg_last_thread_id`) VALUES(1, 'お寿司', 0, 1, 2, 2);
INSERT INTO `tag` (`tag_id`, `tg_word`, `tg_hide`, `tg_thread_count`, `tg_first_thread_id`, `tg_last_thread_id`) VALUES(2, 'イクラ', 0, 1, 2, 2);
INSERT INTO `tag` (`tag_id`, `tg_word`, `tg_hide`, `tg_thread_count`, `tg_first_thread_id`, `tg_last_thread_id`) VALUES(3, '画像', 0, 1, 4, 4);
INSERT INTO `tag` (`tag_id`, `tg_word`, `tg_hide`, `tg_thread_count`, `tg_first_thread_id`, `tg_last_thread_id`) VALUES(4, '猫系アニメキャラ', 0, 0, NULL, NULL);
INSERT INTO `tag` (`tag_id`, `tg_word`, `tg_hide`, `tg_thread_count`, `tg_first_thread_id`, `tg_last_thread_id`) VALUES(6, 'アニメキャラ', 0, 1, 4, 4);
INSERT INTO `tag` (`tag_id`, `tg_word`, `tg_hide`, `tg_thread_count`, `tg_first_thread_id`, `tg_last_thread_id`) VALUES(7, '猫', 0, 2, 4, 12);
INSERT INTO `tag` (`tag_id`, `tg_word`, `tg_hide`, `tg_thread_count`, `tg_first_thread_id`, `tg_last_thread_id`) VALUES(8, '泥団子', 0, 1, 6, 6);
INSERT INTO `tag` (`tag_id`, `tg_word`, `tg_hide`, `tg_thread_count`, `tg_first_thread_id`, `tg_last_thread_id`) VALUES(9, 'Twitter', 0, 2, 7, 11);
INSERT INTO `tag` (`tag_id`, `tg_word`, `tg_hide`, `tg_thread_count`, `tg_first_thread_id`, `tg_last_thread_id`) VALUES(10, 'ロゴジェネレーター', 0, 1, 7, 7);
INSERT INTO `tag` (`tag_id`, `tg_word`, `tg_hide`, `tg_thread_count`, `tg_first_thread_id`, `tg_last_thread_id`) VALUES(11, '生放送', 0, 1, 8, 8);
INSERT INTO `tag` (`tag_id`, `tg_word`, `tg_hide`, `tg_thread_count`, `tg_first_thread_id`, `tg_last_thread_id`) VALUES(12, 'ニコ生', 0, 1, 8, 8);
INSERT INTO `tag` (`tag_id`, `tg_word`, `tg_hide`, `tg_thread_count`, `tg_first_thread_id`, `tg_last_thread_id`) VALUES(13, 'FC2', 0, 1, 8, 8);
INSERT INTO `tag` (`tag_id`, `tg_word`, `tg_hide`, `tg_thread_count`, `tg_first_thread_id`, `tg_last_thread_id`) VALUES(14, 'ふわっち', 0, 1, 8, 8);
INSERT INTO `tag` (`tag_id`, `tg_word`, `tg_hide`, `tg_thread_count`, `tg_first_thread_id`, `tg_last_thread_id`) VALUES(15, 'iPhone', 0, 2, 9, 10);
INSERT INTO `tag` (`tag_id`, `tg_word`, `tg_hide`, `tg_thread_count`, `tg_first_thread_id`, `tg_last_thread_id`) VALUES(16, 'Apple', 0, 1, 9, 9);
INSERT INTO `tag` (`tag_id`, `tg_word`, `tg_hide`, `tg_thread_count`, `tg_first_thread_id`, `tg_last_thread_id`) VALUES(17, 'FF5', 0, 1, 10, 10);
INSERT INTO `tag` (`tag_id`, `tg_word`, `tg_hide`, `tg_thread_count`, `tg_first_thread_id`, `tg_last_thread_id`) VALUES(18, 'iOS', 0, 1, 10, 10);
INSERT INTO `tag` (`tag_id`, `tg_word`, `tg_hide`, `tg_thread_count`, `tg_first_thread_id`, `tg_last_thread_id`) VALUES(20, '初音ミク', 0, 1, 11, 11);
INSERT INTO `tag` (`tag_id`, `tg_word`, `tg_hide`, `tg_thread_count`, `tg_first_thread_id`, `tg_last_thread_id`) VALUES(22, 'ミクの日', 0, 1, 11, 11);
INSERT INTO `tag` (`tag_id`, `tg_word`, `tg_hide`, `tg_thread_count`, `tg_first_thread_id`, `tg_last_thread_id`) VALUES(23, '絵師', 0, 1, 11, 11);
INSERT INTO `tag` (`tag_id`, `tg_word`, `tg_hide`, `tg_thread_count`, `tg_first_thread_id`, `tg_last_thread_id`) VALUES(24, '七面鳥', 0, 1, 12, 12);
INSERT INTO `tag` (`tag_id`, `tg_word`, `tg_hide`, `tg_thread_count`, `tg_first_thread_id`, `tg_last_thread_id`) VALUES(26, '儀式', 0, 1, 12, 12);
INSERT INTO `tag` (`tag_id`, `tg_word`, `tg_hide`, `tg_thread_count`, `tg_first_thread_id`, `tg_last_thread_id`) VALUES(27, 'アップローダ', 0, 1, 13, 13);
INSERT INTO `tag` (`tag_id`, `tg_word`, `tg_hide`, `tg_thread_count`, `tg_first_thread_id`, `tg_last_thread_id`) VALUES(28, 'imgur', 0, 1, 13, 13);
INSERT INTO `tag` (`tag_id`, `tg_word`, `tg_hide`, `tg_thread_count`, `tg_first_thread_id`, `tg_last_thread_id`) VALUES(29, 'ラーメン二郎', 0, 1, 14, 14);
INSERT INTO `tag` (`tag_id`, `tg_word`, `tg_hide`, `tg_thread_count`, `tg_first_thread_id`, `tg_last_thread_id`) VALUES(30, '小林さんちのメイドラゴン', 0, 1, 15, 15);
INSERT INTO `tag` (`tag_id`, `tg_word`, `tg_hide`, `tg_thread_count`, `tg_first_thread_id`, `tg_last_thread_id`) VALUES(31, 'カンナ', 0, 1, 15, 15);
INSERT INTO `tag` (`tag_id`, `tg_word`, `tg_hide`, `tg_thread_count`, `tg_first_thread_id`, `tg_last_thread_id`) VALUES(32, '性の喜びを知りやがって', 0, 1, 16, 16);
INSERT INTO `tag` (`tag_id`, `tg_word`, `tg_hide`, `tg_thread_count`, `tg_first_thread_id`, `tg_last_thread_id`) VALUES(33, '性の喜びおじさん', 0, 1, 16, 16);
INSERT INTO `tag` (`tag_id`, `tg_word`, `tg_hide`, `tg_thread_count`, `tg_first_thread_id`, `tg_last_thread_id`) VALUES(34, '死亡説', 0, 1, 16, 16);

--
-- テーブルのデータのダンプ `thread`
--

INSERT INTO `thread` (`thread_id`, `t_user_id`, `t_title`, `t_body`, `t_main_category`, `t_sub_category`, `t_ip`, `t_privated`, `t_filled`, `t_datetime`, `t_master_twitter_posted`, `t_master_twitter_posted_datetime`, `t_comment_count`, `t_favorite_count`, `t_report_count`, `t_first_comment_id`, `t_last_comment_id`, `t_last_comment_datetime`, `t_first_favorite_id`, `t_last_favorite_id`, `t_first_report_id`, `t_last_report_id`) VALUES(1, 1, 'Welcome to textopia!', 'やあ、ようこそ。\n\nテキストルームはね、ツイッタラーなら誰でも使える掲示板だよ。\n\n自分のスレッドを立てられるし、だれかのスレッドにも参加できるから\nきっとね、いろんなお友達ができると思う。\nおもしろいスレッドを見つけたらブックマークもできるよ。', 1, 0, '126.126.187.27', 0, 0, '2017-02-19 20:21:06', 0, NULL, 5, 1, 0, 44, 91, '2017-03-13 06:10:06', 3, 3, NULL, NULL);
INSERT INTO `thread` (`thread_id`, `t_user_id`, `t_title`, `t_body`, `t_main_category`, `t_sub_category`, `t_ip`, `t_privated`, `t_filled`, `t_datetime`, `t_master_twitter_posted`, `t_master_twitter_posted_datetime`, `t_comment_count`, `t_favorite_count`, `t_report_count`, `t_first_comment_id`, `t_last_comment_id`, `t_last_comment_datetime`, `t_first_favorite_id`, `t_last_favorite_id`, `t_first_report_id`, `t_last_report_id`) VALUES(2, 2, 'お寿司が食べたい！???', 'イクラとネギトロ食べたいな〜\r\nイクラのプチプチした食感とネギトロが口の中でとろける感じがいいね！', 1, 0, '126.7.186.13', 0, 0, '2017-02-22 09:01:41', 1, '2017-02-23 01:31:45', 2, 0, 0, 1, 2, '2017-02-22 21:20:26', NULL, NULL, NULL, NULL);
INSERT INTO `thread` (`thread_id`, `t_user_id`, `t_title`, `t_body`, `t_main_category`, `t_sub_category`, `t_ip`, `t_privated`, `t_filled`, `t_datetime`, `t_master_twitter_posted`, `t_master_twitter_posted_datetime`, `t_comment_count`, `t_favorite_count`, `t_report_count`, `t_first_comment_id`, `t_last_comment_id`, `t_last_comment_datetime`, `t_first_favorite_id`, `t_last_favorite_id`, `t_first_report_id`, `t_last_report_id`) VALUES(3, 5, '', '', 0, 0, '', 2, 0, '2017-02-22 22:10:38', 0, NULL, 0, 0, 0, NULL, NULL, NULL, NULL, NULL, NULL, NULL);
INSERT INTO `thread` (`thread_id`, `t_user_id`, `t_title`, `t_body`, `t_main_category`, `t_sub_category`, `t_ip`, `t_privated`, `t_filled`, `t_datetime`, `t_master_twitter_posted`, `t_master_twitter_posted_datetime`, `t_comment_count`, `t_favorite_count`, `t_report_count`, `t_first_comment_id`, `t_last_comment_id`, `t_last_comment_datetime`, `t_first_favorite_id`, `t_last_favorite_id`, `t_first_report_id`, `t_last_report_id`) VALUES(4, 5, '猫系アニメキャラをあげてくスレ', '興味あったらimgurで。\r\n\r\n迷い猫オーバーラン 霧谷希\r\nhttp://imgur.com/MdYtySm', 19, 0, '126.7.186.13', 0, 0, '2017-02-22 22:42:18', 0, NULL, 7, 0, 0, 3, 86, '2017-03-10 05:48:17', NULL, NULL, NULL, NULL);
INSERT INTO `thread` (`thread_id`, `t_user_id`, `t_title`, `t_body`, `t_main_category`, `t_sub_category`, `t_ip`, `t_privated`, `t_filled`, `t_datetime`, `t_master_twitter_posted`, `t_master_twitter_posted_datetime`, `t_comment_count`, `t_favorite_count`, `t_report_count`, `t_first_comment_id`, `t_last_comment_id`, `t_last_comment_datetime`, `t_first_favorite_id`, `t_last_favorite_id`, `t_first_report_id`, `t_last_report_id`) VALUES(5, 4, 'プレミアムフライデーってなに？おいしいの？', 'どこかのコンビニで新発売のホットスナックかなにか？', 1, 0, '126.7.186.13', 0, 0, '2017-02-25 16:41:17', 1, '2017-02-25 17:30:01', 11, 0, 0, 6, 16, '2017-02-25 17:07:45', NULL, NULL, NULL, NULL);
INSERT INTO `thread` (`thread_id`, `t_user_id`, `t_title`, `t_body`, `t_main_category`, `t_sub_category`, `t_ip`, `t_privated`, `t_filled`, `t_datetime`, `t_master_twitter_posted`, `t_master_twitter_posted_datetime`, `t_comment_count`, `t_favorite_count`, `t_report_count`, `t_first_comment_id`, `t_last_comment_id`, `t_last_comment_datetime`, `t_first_favorite_id`, `t_last_favorite_id`, `t_first_report_id`, `t_last_report_id`) VALUES(6, 6, '泥団子の画像あつめるよ', '楽しそう。\r\nhttps://www.youtube.com/watch?v=zvHse8m3Lyo', 1, 0, '126.7.186.13', 0, 0, '2017-02-25 18:17:56', 1, '2017-02-25 19:00:02', 16, 0, 0, 17, 66, '2017-03-08 05:01:03', NULL, NULL, NULL, NULL);
INSERT INTO `thread` (`thread_id`, `t_user_id`, `t_title`, `t_body`, `t_main_category`, `t_sub_category`, `t_ip`, `t_privated`, `t_filled`, `t_datetime`, `t_master_twitter_posted`, `t_master_twitter_posted_datetime`, `t_comment_count`, `t_favorite_count`, `t_report_count`, `t_first_comment_id`, `t_last_comment_id`, `t_last_comment_datetime`, `t_first_favorite_id`, `t_last_favorite_id`, `t_first_report_id`, `t_last_report_id`) VALUES(7, 3, 'Twitterのロゴジェネレーター探すよ。', 'アニメっぽいのを集めようと思います。', 1, 4, '60.71.190.132', 0, 0, '2017-02-25 19:01:07', 1, '2017-02-25 20:30:02', 12, 0, 0, 32, 43, '2017-02-25 20:22:28', NULL, NULL, NULL, NULL);
INSERT INTO `thread` (`thread_id`, `t_user_id`, `t_title`, `t_body`, `t_main_category`, `t_sub_category`, `t_ip`, `t_privated`, `t_filled`, `t_datetime`, `t_master_twitter_posted`, `t_master_twitter_posted_datetime`, `t_comment_count`, `t_favorite_count`, `t_report_count`, `t_first_comment_id`, `t_last_comment_id`, `t_last_comment_datetime`, `t_first_favorite_id`, `t_last_favorite_id`, `t_first_report_id`, `t_last_report_id`) VALUES(8, 7, 'おもしろい生放送をおしえて欲しい', 'ニコ生でもFC2でもふわっちでもいい。\r\nどこのサイトかは問わない。\r\nできれば雑談系がいい。', 51, 0, '60.71.190.132', 0, 0, '2017-02-26 02:57:19', 1, '2017-02-26 03:30:01', 16, 1, 0, 45, 60, '2017-03-06 04:05:54', 1, 1, NULL, NULL);
INSERT INTO `thread` (`thread_id`, `t_user_id`, `t_title`, `t_body`, `t_main_category`, `t_sub_category`, `t_ip`, `t_privated`, `t_filled`, `t_datetime`, `t_master_twitter_posted`, `t_master_twitter_posted_datetime`, `t_comment_count`, `t_favorite_count`, `t_report_count`, `t_first_comment_id`, `t_last_comment_id`, `t_last_comment_datetime`, `t_first_favorite_id`, `t_last_favorite_id`, `t_first_report_id`, `t_last_report_id`) VALUES(9, 6, '新しくiPhoneを買うとしたら大きいサイズと小さいサイズどっちを選ぶ？', 'iPhoneほしいんだけどどっちがいい？\r\n\r\n小さいサイズ\r\n・片手で扱えるから電車で手すり握りながら操作できる\r\n・ズボンのポケットに入る\r\n\r\n大きいサイズ\r\n・大きい画面でゲームができる\r\n\r\nキャリアはまだ決めてない。', 60, 61, '60.71.166.189', 0, 0, '2017-03-08 04:19:46', 0, NULL, 4, 1, 0, 61, 64, '2017-03-08 04:40:35', 2, 2, NULL, NULL);
INSERT INTO `thread` (`thread_id`, `t_user_id`, `t_title`, `t_body`, `t_main_category`, `t_sub_category`, `t_ip`, `t_privated`, `t_filled`, `t_datetime`, `t_master_twitter_posted`, `t_master_twitter_posted_datetime`, `t_comment_count`, `t_favorite_count`, `t_report_count`, `t_first_comment_id`, `t_last_comment_id`, `t_last_comment_datetime`, `t_first_favorite_id`, `t_last_favorite_id`, `t_first_report_id`, `t_last_report_id`) VALUES(10, 8, 'iOSのFF5ってさ', '主人公のグラフィック微妙だよね？\r\nモンスターのグラフィックはいいけど。\r\n\r\nhttp://imgur.com/e1iEpBO\r\nhttp://imgur.com/uAhOQKQ\r\nhttp://imgur.com/iSYSXhz', 43, 0, '60.71.166.189', 0, 0, '2017-03-08 05:23:08', 0, NULL, 4, 0, 0, 67, 70, '2017-03-08 05:46:44', NULL, NULL, NULL, NULL);
INSERT INTO `thread` (`thread_id`, `t_user_id`, `t_title`, `t_body`, `t_main_category`, `t_sub_category`, `t_ip`, `t_privated`, `t_filled`, `t_datetime`, `t_master_twitter_posted`, `t_master_twitter_posted_datetime`, `t_comment_count`, `t_favorite_count`, `t_report_count`, `t_first_comment_id`, `t_last_comment_id`, `t_last_comment_datetime`, `t_first_favorite_id`, `t_last_favorite_id`, `t_first_report_id`, `t_last_report_id`) VALUES(11, 9, '２０１７年３月９日「 #ミクの日 」のツイートまとめ', 'ニコニコよりツイッターのほうが賑わってるみたい。\r\n\r\nhttps://twitter.com/BELCORNO/status/839492015775608832\r\nhttps://twitter.com/haru_ta_rou/status/839527618332405762\r\nhttps://twitter.com/mi_coto/status/839526069849866240\r\nhttps://twitter.com/nazyorin/status/839525285422735360\r\nhttps://twitter.com/yumeitigoalice/status/839524471643873280\r\nhttps://twitter.com/monyuuuuuuuuuu/status/839523658242510850\r\nhttps://twitter.com/HOHO17231/status/839520029485912064\r\nhttps://twitter.com/FRKdcBCjGzgVkEK/status/839520022141657088\r\nhttps://twitter.com/nene2525s/status/839519896438353921\r\nhttps://twitter.com/bCB26hW4SbRFEex/status/839519613486391296', 1, 4, '126.114.211.185', 0, 0, '2017-03-09 02:38:25', 1, '2017-03-09 03:30:02', 13, 0, 0, 71, 83, '2017-03-09 03:37:07', NULL, NULL, NULL, NULL);
INSERT INTO `thread` (`thread_id`, `t_user_id`, `t_title`, `t_body`, `t_main_category`, `t_sub_category`, `t_ip`, `t_privated`, `t_filled`, `t_datetime`, `t_master_twitter_posted`, `t_master_twitter_posted_datetime`, `t_comment_count`, `t_favorite_count`, `t_report_count`, `t_first_comment_id`, `t_last_comment_id`, `t_last_comment_datetime`, `t_first_favorite_id`, `t_last_favorite_id`, `t_first_report_id`, `t_last_report_id`) VALUES(12, 2, '七面鳥が猫のまわりをぐるぐるしている動画', '倒れてる猫ちゃんのまわりをぐるぐるしている七面鳥。\r\nちょっと不気味。\r\n\r\nhttps://twitter.com/TheReal_JDavis/status/837301561500057605', 37, 41, '126.114.211.185', 0, 0, '2017-03-09 04:01:59', 0, NULL, 1, 0, 0, 87, 87, '2017-03-11 00:07:12', NULL, NULL, NULL, NULL);
INSERT INTO `thread` (`thread_id`, `t_user_id`, `t_title`, `t_body`, `t_main_category`, `t_sub_category`, `t_ip`, `t_privated`, `t_filled`, `t_datetime`, `t_master_twitter_posted`, `t_master_twitter_posted_datetime`, `t_comment_count`, `t_favorite_count`, `t_report_count`, `t_first_comment_id`, `t_last_comment_id`, `t_last_comment_datetime`, `t_first_favorite_id`, `t_last_favorite_id`, `t_first_report_id`, `t_last_report_id`) VALUES(13, 7, '画像のうｐろだってimgurの他にいいところってある？', 'お手軽にアップロードできるところがいいです。', 51, 55, '126.114.211.185', 0, 0, '2017-03-10 02:33:17', 0, NULL, 0, 0, 0, NULL, NULL, NULL, NULL, NULL, NULL, NULL);
INSERT INTO `thread` (`thread_id`, `t_user_id`, `t_title`, `t_body`, `t_main_category`, `t_sub_category`, `t_ip`, `t_privated`, `t_filled`, `t_datetime`, `t_master_twitter_posted`, `t_master_twitter_posted_datetime`, `t_comment_count`, `t_favorite_count`, `t_report_count`, `t_first_comment_id`, `t_last_comment_id`, `t_last_comment_datetime`, `t_first_favorite_id`, `t_last_favorite_id`, `t_first_report_id`, `t_last_report_id`) VALUES(14, 4, 'ラーメン二郎でマシマシを頼んで食べきれないときの言い訳を考えるスレ', 'わいの目の前におる無残な豚のことを考えたら涙が止まらんのです。', 1, 0, '126.126.184.104', 0, 0, '2017-03-10 23:49:25', 0, NULL, 0, 0, 0, NULL, NULL, NULL, NULL, NULL, NULL, NULL);
INSERT INTO `thread` (`thread_id`, `t_user_id`, `t_title`, `t_body`, `t_main_category`, `t_sub_category`, `t_ip`, `t_privated`, `t_filled`, `t_datetime`, `t_master_twitter_posted`, `t_master_twitter_posted_datetime`, `t_comment_count`, `t_favorite_count`, `t_report_count`, `t_first_comment_id`, `t_last_comment_id`, `t_last_comment_datetime`, `t_first_favorite_id`, `t_last_favorite_id`, `t_first_report_id`, `t_last_report_id`) VALUES(15, 8, 'このカンナちゃんの画像を改造すると・・・？', '多くの闇をかかえそう。\r\nhttp://imgur.com/55zlWfB', 19, 21, '126.126.184.104', 0, 0, '2017-03-11 00:05:25', 0, NULL, 0, 0, 0, NULL, NULL, NULL, NULL, NULL, NULL, NULL);
INSERT INTO `thread` (`thread_id`, `t_user_id`, `t_title`, `t_body`, `t_main_category`, `t_sub_category`, `t_ip`, `t_privated`, `t_filled`, `t_datetime`, `t_master_twitter_posted`, `t_master_twitter_posted_datetime`, `t_comment_count`, `t_favorite_count`, `t_report_count`, `t_first_comment_id`, `t_last_comment_id`, `t_last_comment_datetime`, `t_first_favorite_id`, `t_last_favorite_id`, `t_first_report_id`, `t_last_report_id`) VALUES(16, 6, '性のよろこびおじさん、駅のホームで取り押さえられた際に亡くなった模様', '取り押さえられた経緯を知ってる人おる？\r\n\r\nhttps://twitter.com/_nodoitaidesu/status/840898839254990848\r\nhttp://www.nicovideo.jp/watch/sm30805073\r\nhttps://twitter.com/love_xoxoCHANEL/status/840912843025276928\r\nhttps://twitter.com/Gcxkm4JbOs88IgJ/status/840915526608080897\r\nhttps://twitter.com/monst11161925/status/840905304837513216', 1, 0, '126.7.197.134', 0, 0, '2017-03-13 11:01:42', 1, '2017-03-13 13:00:01', 11, 0, 0, 92, 102, '2017-03-13 13:09:44', NULL, NULL, NULL, NULL);

--
-- テーブルのデータのダンプ `thread_favorite`
--

INSERT INTO `thread_favorite` (`thread_favorite_id`, `tf_user_id`, `tf_thread_id`, `tf_thread_user_id`, `tf_datetime`) VALUES(1, 6, 8, 7, '2017-02-26 03:31:42');
INSERT INTO `thread_favorite` (`thread_favorite_id`, `tf_user_id`, `tf_thread_id`, `tf_thread_user_id`, `tf_datetime`) VALUES(2, 7, 9, 6, '2017-03-08 04:21:10');
INSERT INTO `thread_favorite` (`thread_favorite_id`, `tf_user_id`, `tf_thread_id`, `tf_thread_user_id`, `tf_datetime`) VALUES(3, 1, 1, 1, '2017-03-13 01:41:22');

--
-- テーブルのデータのダンプ `thread_favorite_thread`
--

INSERT INTO `thread_favorite_thread` (`tft_user_id`, `tft_thread_id`, `thread_favorite_id`) VALUES(1, 1, 3);
INSERT INTO `thread_favorite_thread` (`tft_user_id`, `tft_thread_id`, `thread_favorite_id`) VALUES(6, 8, 1);
INSERT INTO `thread_favorite_thread` (`tft_user_id`, `tft_thread_id`, `thread_favorite_id`) VALUES(7, 9, 2);

--
-- テーブルのデータのダンプ `thread_favorite_user`
--

INSERT INTO `thread_favorite_user` (`tfu_user_id`, `tfu_thread_id`, `thread_favorite_id`) VALUES(1, 1, 3);
INSERT INTO `thread_favorite_user` (`tfu_user_id`, `tfu_thread_id`, `thread_favorite_id`) VALUES(6, 8, 1);
INSERT INTO `thread_favorite_user` (`tfu_user_id`, `tfu_thread_id`, `thread_favorite_id`) VALUES(7, 9, 2);

--
-- テーブルのデータのダンプ `thread_tag`
--

INSERT INTO `thread_tag` (`tt_thread_id`, `tt_number`, `tt_tag_id`) VALUES(2, 1, 1);
INSERT INTO `thread_tag` (`tt_thread_id`, `tt_number`, `tt_tag_id`) VALUES(2, 2, 2);
INSERT INTO `thread_tag` (`tt_thread_id`, `tt_number`, `tt_tag_id`) VALUES(4, 1, 3);
INSERT INTO `thread_tag` (`tt_thread_id`, `tt_number`, `tt_tag_id`) VALUES(4, 2, 6);
INSERT INTO `thread_tag` (`tt_thread_id`, `tt_number`, `tt_tag_id`) VALUES(4, 3, 7);
INSERT INTO `thread_tag` (`tt_thread_id`, `tt_number`, `tt_tag_id`) VALUES(12, 2, 7);
INSERT INTO `thread_tag` (`tt_thread_id`, `tt_number`, `tt_tag_id`) VALUES(6, 1, 8);
INSERT INTO `thread_tag` (`tt_thread_id`, `tt_number`, `tt_tag_id`) VALUES(7, 1, 9);
INSERT INTO `thread_tag` (`tt_thread_id`, `tt_number`, `tt_tag_id`) VALUES(11, 2, 9);
INSERT INTO `thread_tag` (`tt_thread_id`, `tt_number`, `tt_tag_id`) VALUES(7, 2, 10);
INSERT INTO `thread_tag` (`tt_thread_id`, `tt_number`, `tt_tag_id`) VALUES(8, 1, 11);
INSERT INTO `thread_tag` (`tt_thread_id`, `tt_number`, `tt_tag_id`) VALUES(8, 2, 12);
INSERT INTO `thread_tag` (`tt_thread_id`, `tt_number`, `tt_tag_id`) VALUES(8, 3, 13);
INSERT INTO `thread_tag` (`tt_thread_id`, `tt_number`, `tt_tag_id`) VALUES(8, 4, 14);
INSERT INTO `thread_tag` (`tt_thread_id`, `tt_number`, `tt_tag_id`) VALUES(9, 1, 15);
INSERT INTO `thread_tag` (`tt_thread_id`, `tt_number`, `tt_tag_id`) VALUES(10, 3, 15);
INSERT INTO `thread_tag` (`tt_thread_id`, `tt_number`, `tt_tag_id`) VALUES(9, 2, 16);
INSERT INTO `thread_tag` (`tt_thread_id`, `tt_number`, `tt_tag_id`) VALUES(10, 1, 17);
INSERT INTO `thread_tag` (`tt_thread_id`, `tt_number`, `tt_tag_id`) VALUES(10, 2, 18);
INSERT INTO `thread_tag` (`tt_thread_id`, `tt_number`, `tt_tag_id`) VALUES(11, 1, 20);
INSERT INTO `thread_tag` (`tt_thread_id`, `tt_number`, `tt_tag_id`) VALUES(11, 3, 22);
INSERT INTO `thread_tag` (`tt_thread_id`, `tt_number`, `tt_tag_id`) VALUES(11, 4, 23);
INSERT INTO `thread_tag` (`tt_thread_id`, `tt_number`, `tt_tag_id`) VALUES(12, 1, 24);
INSERT INTO `thread_tag` (`tt_thread_id`, `tt_number`, `tt_tag_id`) VALUES(12, 3, 26);
INSERT INTO `thread_tag` (`tt_thread_id`, `tt_number`, `tt_tag_id`) VALUES(13, 1, 27);
INSERT INTO `thread_tag` (`tt_thread_id`, `tt_number`, `tt_tag_id`) VALUES(13, 2, 28);
INSERT INTO `thread_tag` (`tt_thread_id`, `tt_number`, `tt_tag_id`) VALUES(14, 1, 29);
INSERT INTO `thread_tag` (`tt_thread_id`, `tt_number`, `tt_tag_id`) VALUES(15, 1, 30);
INSERT INTO `thread_tag` (`tt_thread_id`, `tt_number`, `tt_tag_id`) VALUES(15, 2, 31);
INSERT INTO `thread_tag` (`tt_thread_id`, `tt_number`, `tt_tag_id`) VALUES(16, 1, 32);
INSERT INTO `thread_tag` (`tt_thread_id`, `tt_number`, `tt_tag_id`) VALUES(16, 2, 33);
INSERT INTO `thread_tag` (`tt_thread_id`, `tt_number`, `tt_tag_id`) VALUES(16, 3, 34);

--
-- テーブルのデータのダンプ `user`
--

INSERT INTO `user` (`user_id`, `u_twitter_id`, `u_twitter_name`, `u_twitter_profile_image`, `u_twitter_profile_banner`, `u_pv_count`, `u_thread_filled_count`, `u_thread_count`, `u_comment_count`, `u_thread_favorite_count`, `u_thread_favorited_count`, `u_comment_favorite_count`, `u_comment_favorited_count`, `u_thread_report_count`, `u_thread_reported_count`, `u_comment_report_count`, `u_comment_reported_count`, `u_privated_thread_count`, `u_privated_comment_count`, `u_privilege_thread`, `u_privilege_comment`, `u_privilege_thread_favorite`, `u_privilege_thread_report`, `u_privilege_comment_report`, `u_ng_user_count`, `u_nged_user_count`, `u_ng_word_count`, `u_first_thread_id`, `u_last_thread_id`, `u_first_comment_id`, `u_last_comment_id`, `u_first_thread_favorite_id`, `u_last_thread_favorite_id`, `u_first_thread_report_id`, `u_last_thread_report_id`, `u_first_comment_report_id`, `u_last_comment_report_id`, `u_first_ng_user_id`, `u_last_ng_user_id`) VALUES(1, 'w_soluble_dev', '水溶性＠API開発用', 'https://pbs.twimg.com/profile_images/1395207662808100865/9Y0mD8Ho_normal.jpg', 'https://pbs.twimg.com/profile_banners/1395198975997714437/1621477572', 0, 0, 1, 4, 1, 1, 0, 0, 0, 0, 0, 0, 0, 0, 0, 0, 0, 0, 0, 0, 0, 0, 1, 1, 88, 91, 3, 3, NULL, NULL, NULL, NULL, NULL, NULL);
INSERT INTO `user` (`user_id`, `u_twitter_id`, `u_twitter_name`, `u_twitter_profile_image`, `u_twitter_profile_banner`, `u_pv_count`, `u_thread_filled_count`, `u_thread_count`, `u_comment_count`, `u_thread_favorite_count`, `u_thread_favorited_count`, `u_comment_favorite_count`, `u_comment_favorited_count`, `u_thread_report_count`, `u_thread_reported_count`, `u_comment_report_count`, `u_comment_reported_count`, `u_privated_thread_count`, `u_privated_comment_count`, `u_privilege_thread`, `u_privilege_comment`, `u_privilege_thread_favorite`, `u_privilege_thread_report`, `u_privilege_comment_report`, `u_ng_user_count`, `u_nged_user_count`, `u_ng_word_count`, `u_first_thread_id`, `u_last_thread_id`, `u_first_comment_id`, `u_last_comment_id`, `u_first_thread_favorite_id`, `u_last_thread_favorite_id`, `u_first_thread_report_id`, `u_last_thread_report_id`, `u_first_comment_report_id`, `u_last_comment_report_id`, `u_first_ng_user_id`, `u_last_ng_user_id`) VALUES(2, 'sushisuki555', 'ｇｄｇｄおむたま♨', 'https://pbs.twimg.com/profile_images/834189062290305024/QJfOfqqJ_normal.jpg', NULL, 0, 0, 2, 0, 0, 0, 0, 0, 0, 0, 0, 0, 0, 0, 0, 0, 0, 0, 0, 0, 0, 0, 2, 12, NULL, NULL, NULL, NULL, NULL, NULL, NULL, NULL, NULL, NULL);
INSERT INTO `user` (`user_id`, `u_twitter_id`, `u_twitter_name`, `u_twitter_profile_image`, `u_twitter_profile_banner`, `u_pv_count`, `u_thread_filled_count`, `u_thread_count`, `u_comment_count`, `u_thread_favorite_count`, `u_thread_favorited_count`, `u_comment_favorite_count`, `u_comment_favorited_count`, `u_thread_report_count`, `u_thread_reported_count`, `u_comment_report_count`, `u_comment_reported_count`, `u_privated_thread_count`, `u_privated_comment_count`, `u_privilege_thread`, `u_privilege_comment`, `u_privilege_thread_favorite`, `u_privilege_thread_report`, `u_privilege_comment_report`, `u_ng_user_count`, `u_nged_user_count`, `u_ng_word_count`, `u_first_thread_id`, `u_last_thread_id`, `u_first_comment_id`, `u_last_comment_id`, `u_first_thread_favorite_id`, `u_last_thread_favorite_id`, `u_first_thread_report_id`, `u_last_thread_report_id`, `u_first_comment_report_id`, `u_last_comment_report_id`, `u_first_ng_user_id`, `u_last_ng_user_id`) VALUES(3, 'tarosu093', 'めりーちゃんฅ(ﾐ・ﻌ・ﾐ)ฅ', 'https://pbs.twimg.com/profile_images/834193059462074369/rVYGa28Z_normal.jpg', 'https://pbs.twimg.com/profile_banners/3507376045/1488037620', 0, 0, 1, 12, 0, 0, 0, 0, 0, 0, 0, 0, 0, 0, 0, 0, 0, 0, 0, 0, 0, 0, 7, 7, 32, 43, NULL, NULL, NULL, NULL, NULL, NULL, NULL, NULL);
INSERT INTO `user` (`user_id`, `u_twitter_id`, `u_twitter_name`, `u_twitter_profile_image`, `u_twitter_profile_banner`, `u_pv_count`, `u_thread_filled_count`, `u_thread_count`, `u_comment_count`, `u_thread_favorite_count`, `u_thread_favorited_count`, `u_comment_favorite_count`, `u_comment_favorited_count`, `u_thread_report_count`, `u_thread_reported_count`, `u_comment_report_count`, `u_comment_reported_count`, `u_privated_thread_count`, `u_privated_comment_count`, `u_privilege_thread`, `u_privilege_comment`, `u_privilege_thread_favorite`, `u_privilege_thread_report`, `u_privilege_comment_report`, `u_ng_user_count`, `u_nged_user_count`, `u_ng_word_count`, `u_first_thread_id`, `u_last_thread_id`, `u_first_comment_id`, `u_last_comment_id`, `u_first_thread_favorite_id`, `u_last_thread_favorite_id`, `u_first_thread_report_id`, `u_last_thread_report_id`, `u_first_comment_report_id`, `u_last_comment_report_id`, `u_first_ng_user_id`, `u_last_ng_user_id`) VALUES(4, 'asaiko6', '南国', 'https://pbs.twimg.com/profile_images/664609365274423296/-ENTXJAp_normal.jpg', NULL, 0, 0, 2, 28, 0, 0, 0, 0, 0, 0, 0, 0, 0, 0, 0, 0, 0, 0, 0, 0, 0, 0, 5, 14, 1, 102, NULL, NULL, NULL, NULL, NULL, NULL, NULL, NULL);
INSERT INTO `user` (`user_id`, `u_twitter_id`, `u_twitter_name`, `u_twitter_profile_image`, `u_twitter_profile_banner`, `u_pv_count`, `u_thread_filled_count`, `u_thread_count`, `u_comment_count`, `u_thread_favorite_count`, `u_thread_favorited_count`, `u_comment_favorite_count`, `u_comment_favorited_count`, `u_thread_report_count`, `u_thread_reported_count`, `u_comment_report_count`, `u_comment_reported_count`, `u_privated_thread_count`, `u_privated_comment_count`, `u_privilege_thread`, `u_privilege_comment`, `u_privilege_thread_favorite`, `u_privilege_thread_report`, `u_privilege_comment_report`, `u_ng_user_count`, `u_nged_user_count`, `u_ng_word_count`, `u_first_thread_id`, `u_last_thread_id`, `u_first_comment_id`, `u_last_comment_id`, `u_first_thread_favorite_id`, `u_last_thread_favorite_id`, `u_first_thread_report_id`, `u_last_thread_report_id`, `u_first_comment_report_id`, `u_last_comment_report_id`, `u_first_ng_user_id`, `u_last_ng_user_id`) VALUES(5, 'seiyuchaso', '20001号', 'https://pbs.twimg.com/profile_images/832206075080241152/Rax3KGFJ_normal.jpg', 'https://pbs.twimg.com/profile_banners/4484306119/1487248411', 0, 0, 2, 6, 0, 0, 0, 0, 0, 0, 0, 0, 1, 0, 0, 0, 0, 0, 0, 0, 0, 0, 3, 4, 3, 69, NULL, NULL, NULL, NULL, NULL, NULL, NULL, NULL);
INSERT INTO `user` (`user_id`, `u_twitter_id`, `u_twitter_name`, `u_twitter_profile_image`, `u_twitter_profile_banner`, `u_pv_count`, `u_thread_filled_count`, `u_thread_count`, `u_comment_count`, `u_thread_favorite_count`, `u_thread_favorited_count`, `u_comment_favorite_count`, `u_comment_favorited_count`, `u_thread_report_count`, `u_thread_reported_count`, `u_comment_report_count`, `u_comment_reported_count`, `u_privated_thread_count`, `u_privated_comment_count`, `u_privilege_thread`, `u_privilege_comment`, `u_privilege_thread_favorite`, `u_privilege_thread_report`, `u_privilege_comment_report`, `u_ng_user_count`, `u_nged_user_count`, `u_ng_word_count`, `u_first_thread_id`, `u_last_thread_id`, `u_first_comment_id`, `u_last_comment_id`, `u_first_thread_favorite_id`, `u_last_thread_favorite_id`, `u_first_thread_report_id`, `u_last_thread_report_id`, `u_first_comment_report_id`, `u_last_comment_report_id`, `u_first_ng_user_id`, `u_last_ng_user_id`) VALUES(6, 'kasshimashi0', '僕らはこの中の中で・・・？', 'https://pbs.twimg.com/profile_images/832028979921956865/djiVwj92_normal.jpg', NULL, 0, 0, 3, 28, 1, 1, 0, 0, 0, 0, 0, 0, 0, 0, 0, 0, 0, 0, 0, 0, 0, 0, 6, 16, 17, 101, 1, 1, NULL, NULL, NULL, NULL, NULL, NULL);
INSERT INTO `user` (`user_id`, `u_twitter_id`, `u_twitter_name`, `u_twitter_profile_image`, `u_twitter_profile_banner`, `u_pv_count`, `u_thread_filled_count`, `u_thread_count`, `u_comment_count`, `u_thread_favorite_count`, `u_thread_favorited_count`, `u_comment_favorite_count`, `u_comment_favorited_count`, `u_thread_report_count`, `u_thread_reported_count`, `u_comment_report_count`, `u_comment_reported_count`, `u_privated_thread_count`, `u_privated_comment_count`, `u_privilege_thread`, `u_privilege_comment`, `u_privilege_thread_favorite`, `u_privilege_thread_report`, `u_privilege_comment_report`, `u_ng_user_count`, `u_nged_user_count`, `u_ng_word_count`, `u_first_thread_id`, `u_last_thread_id`, `u_first_comment_id`, `u_last_comment_id`, `u_first_thread_favorite_id`, `u_last_thread_favorite_id`, `u_first_thread_report_id`, `u_last_thread_report_id`, `u_first_comment_report_id`, `u_last_comment_report_id`, `u_first_ng_user_id`, `u_last_ng_user_id`) VALUES(7, 'sasugada0', 'ぺんぺん隊長?', 'https://pbs.twimg.com/profile_images/832103739880189952/fRKnXRoX_normal.jpg', NULL, 0, 0, 2, 7, 1, 1, 0, 0, 0, 0, 0, 0, 0, 0, 0, 0, 0, 0, 0, 0, 0, 0, 8, 13, 44, 63, 2, 2, NULL, NULL, NULL, NULL, NULL, NULL);
INSERT INTO `user` (`user_id`, `u_twitter_id`, `u_twitter_name`, `u_twitter_profile_image`, `u_twitter_profile_banner`, `u_pv_count`, `u_thread_filled_count`, `u_thread_count`, `u_comment_count`, `u_thread_favorite_count`, `u_thread_favorited_count`, `u_comment_favorite_count`, `u_comment_favorited_count`, `u_thread_report_count`, `u_thread_reported_count`, `u_comment_report_count`, `u_comment_reported_count`, `u_privated_thread_count`, `u_privated_comment_count`, `u_privilege_thread`, `u_privilege_comment`, `u_privilege_thread_favorite`, `u_privilege_thread_report`, `u_privilege_comment_report`, `u_ng_user_count`, `u_nged_user_count`, `u_ng_word_count`, `u_first_thread_id`, `u_last_thread_id`, `u_first_comment_id`, `u_last_comment_id`, `u_first_thread_favorite_id`, `u_last_thread_favorite_id`, `u_first_thread_report_id`, `u_last_thread_report_id`, `u_first_comment_report_id`, `u_last_comment_report_id`, `u_first_ng_user_id`, `u_last_ng_user_id`) VALUES(8, 'marble332', 'どうしてマカロニ✨', 'https://pbs.twimg.com/profile_images/832064612723945472/WE5f6gW5_normal.jpg', 'https://pbs.twimg.com/profile_banners/3395525894/1440961071', 0, 0, 2, 4, 0, 0, 0, 0, 0, 0, 0, 0, 0, 0, 0, 0, 0, 0, 0, 0, 0, 0, 10, 15, 65, 87, NULL, NULL, NULL, NULL, NULL, NULL, NULL, NULL);
INSERT INTO `user` (`user_id`, `u_twitter_id`, `u_twitter_name`, `u_twitter_profile_image`, `u_twitter_profile_banner`, `u_pv_count`, `u_thread_filled_count`, `u_thread_count`, `u_comment_count`, `u_thread_favorite_count`, `u_thread_favorited_count`, `u_comment_favorite_count`, `u_comment_favorited_count`, `u_thread_report_count`, `u_thread_reported_count`, `u_comment_report_count`, `u_comment_reported_count`, `u_privated_thread_count`, `u_privated_comment_count`, `u_privilege_thread`, `u_privilege_comment`, `u_privilege_thread_favorite`, `u_privilege_thread_report`, `u_privilege_comment_report`, `u_ng_user_count`, `u_nged_user_count`, `u_ng_word_count`, `u_first_thread_id`, `u_last_thread_id`, `u_first_comment_id`, `u_last_comment_id`, `u_first_thread_favorite_id`, `u_last_thread_favorite_id`, `u_first_thread_report_id`, `u_last_thread_report_id`, `u_first_comment_report_id`, `u_last_comment_report_id`, `u_first_ng_user_id`, `u_last_ng_user_id`) VALUES(9, 'mu86751', 'ムー@掃除当番', 'https://pbs.twimg.com/profile_images/839227335672913920/42uuD-5V_normal.jpg', NULL, 0, 0, 1, 13, 0, 0, 0, 0, 0, 0, 0, 0, 0, 0, 0, 0, 0, 0, 0, 0, 0, 0, 11, 11, 71, 83, NULL, NULL, NULL, NULL, NULL, NULL, NULL, NULL);

--
-- テーブルのデータのダンプ `user_key`
--

INSERT INTO `user_key` (`uk_twitter_primary_id`, `uk_user_id`) VALUES(1395198975997714437, 1);
INSERT INTO `user_key` (`uk_twitter_primary_id`, `uk_user_id`) VALUES(3526137920, 2);
INSERT INTO `user_key` (`uk_twitter_primary_id`, `uk_user_id`) VALUES(3507376045, 3);
INSERT INTO `user_key` (`uk_twitter_primary_id`, `uk_user_id`) VALUES(4206932834, 4);
INSERT INTO `user_key` (`uk_twitter_primary_id`, `uk_user_id`) VALUES(4484306119, 5);
INSERT INTO `user_key` (`uk_twitter_primary_id`, `uk_user_id`) VALUES(3412966700, 6);
INSERT INTO `user_key` (`uk_twitter_primary_id`, `uk_user_id`) VALUES(3921803473, 7);
INSERT INTO `user_key` (`uk_twitter_primary_id`, `uk_user_id`) VALUES(3395525894, 8);
INSERT INTO `user_key` (`uk_twitter_primary_id`, `uk_user_id`) VALUES(1556219948, 9);

--
-- テーブルのデータのダンプ `user_token`
--

INSERT INTO `user_token` (`utk_user_id`, `utk_access_token`, `utk_access_toke_secret`) VALUES(1, '1395198975997714437-WMYgIWoKo0XjWaBb2nBfoGnb19YEb4', 'dFbdih1pCwHimTDNYD1kEPa6SXX7QAvWQXjObWYM01adF');
INSERT INTO `user_token` (`utk_user_id`, `utk_access_token`, `utk_access_toke_secret`) VALUES(2, '3526137920-Jfd9zE7hR4obCKwpfIT83a2YEB9qeZ5wvvaJPHV', 'gwy2V2UAAjrNrrVKBfyqy1nsqTX0fFkoo5r5Caj9RV3Q0');
INSERT INTO `user_token` (`utk_user_id`, `utk_access_token`, `utk_access_toke_secret`) VALUES(3, '3507376045-12CpKFWBLYC7oD9FYJnt3UFbtyKRsjJoY62t0m9', 'zavlwwWJlQdDuJO8WbRfP0PkCqY6jGmnXNdDbKIM6Owrv');
INSERT INTO `user_token` (`utk_user_id`, `utk_access_token`, `utk_access_toke_secret`) VALUES(4, '4206932834-4ToKRHgd4LFsUZ6tAMCUEwT4oOeJHcGRFhlHxx7', '7xcs2QUgg8KsVt8RERYdXSDpvBk9hDufzv8sgmbA2IeyD');
INSERT INTO `user_token` (`utk_user_id`, `utk_access_token`, `utk_access_toke_secret`) VALUES(5, '4484306119-6zaJxVyBqfldtxrcIAgggDFDO2kyCQr5dTexPyg', 'qJtQ2PbIqb1BO342CwtPGmYbqQtVKkvAqFQPILPeeGYrh');
INSERT INTO `user_token` (`utk_user_id`, `utk_access_token`, `utk_access_toke_secret`) VALUES(6, '3412966700-XO5gQLksp5To4x4ROND2SQBtOIzxmm9Rbb9Kuy3', 'wt7HF2cPYi9ZiNx2ZVZvw9bGIUBspt8L3uPEeUb8BF6w6');
INSERT INTO `user_token` (`utk_user_id`, `utk_access_token`, `utk_access_toke_secret`) VALUES(7, '3921803473-cT8wdbEJOUBNVZ3YAqmF576QDe32a6nwhDfgj0a', 'nDxygvs1LO7XTh5XIZwG1UwvQnGtkRnUgsY6Rzt5POx97');
INSERT INTO `user_token` (`utk_user_id`, `utk_access_token`, `utk_access_toke_secret`) VALUES(8, '3395525894-JqAXwBEvVWBG9VWjW0LPK2gpqtNKmmEZaUQcKHy', 'Harbwlkg44cozKbivyj6jlFHg0B3u28keYlBnTcnRSbIb');
INSERT INTO `user_token` (`utk_user_id`, `utk_access_token`, `utk_access_toke_secret`) VALUES(9, '1556219948-4QOpAVJOGKFTOim61teKbG10aZ03RWnHJngOCX8', 'p4FUSVCJ8A9l79LrPt7iqgfUIOS0ZfKz6z7HNRYb458SF');

--
-- テーブルのデータのダンプ `user_tw`
--

INSERT INTO `user_tw` (`ut_twitter_id`, `ut_user_id`) VALUES('w_soluble_dev', 1);
INSERT INTO `user_tw` (`ut_twitter_id`, `ut_user_id`) VALUES('sushisuki555', 2);
INSERT INTO `user_tw` (`ut_twitter_id`, `ut_user_id`) VALUES('tarosu093', 3);
INSERT INTO `user_tw` (`ut_twitter_id`, `ut_user_id`) VALUES('asaiko6', 4);
INSERT INTO `user_tw` (`ut_twitter_id`, `ut_user_id`) VALUES('seiyuchaso', 5);
INSERT INTO `user_tw` (`ut_twitter_id`, `ut_user_id`) VALUES('kasshimashi0', 6);
INSERT INTO `user_tw` (`ut_twitter_id`, `ut_user_id`) VALUES('sasugada0', 7);
INSERT INTO `user_tw` (`ut_twitter_id`, `ut_user_id`) VALUES('marble332', 8);
INSERT INTO `user_tw` (`ut_twitter_id`, `ut_user_id`) VALUES('mu86751', 9);

/*!40101 SET CHARACTER_SET_CLIENT=@OLD_CHARACTER_SET_CLIENT */;
/*!40101 SET CHARACTER_SET_RESULTS=@OLD_CHARACTER_SET_RESULTS */;
/*!40101 SET COLLATION_CONNECTION=@OLD_COLLATION_CONNECTION */;
